{
  "spec": {
    "variant": "no_geom",
    "seed": 1
  },
  "n_clips_eval": 78,
  "thresholds": {
    "0.10": {
      "macro": {
        "f1": 0.027266857760873047,
        "er": 33.7832262683767,
        "le_cd": 38.163711214090014,
        "lr_cd": 0.1624202462832941,
        "seld": 8.951389945547147
      },
      "micro": {
        "f1": 0.049793290135089784,
        "er": 8.292343342666795,
        "le_cd": 11.50600942113754,
        "lr_cd": 0.21727012326606804,
        "seld": 2.522300550956878
      }
    },
    "0.15": {
      "macro": {
        "f1": 0.038705468469456654,
        "er": 4.908281485198125,
        "le_cd": 63.67113333461851,
        "lr_cd": 0.11579591815330946,
        "seld": 1.7768771542752544
      },
      "micro": {
        "f1": 0.07282798728724459,
        "er": 4.966850117472885,
        "le_cd": 11.390697595334586,
        "lr_cd": 0.1950693572784912,
        "seld": 1.6905586065536407
      }
    },
    "0.18": {
      "macro": {
        "f1": 0.0401750853288777,
        "er": 3.3289386314371874,
        "le_cd": 63.689153433574795,
        "lr_cd": 0.09027857358812041,
        "seld": 1.388078400676679
      },
      "micro": {
        "f1": 0.08422601108810208,
        "er": 3.9510411637861673,
        "le_cd": 11.32648834875026,
        "lr_cd": 0.18169354060056,
        "seld": 1.4370116368420849
      }
    },
    "0.22": {
      "macro": {
        "f1": 0.03350412022442652,
        "er": 2.3834017563176726,
        "le_cd": 90.26651894779003,
        "lr_cd": 0.07210721762467634,
        "seld": 1.1948177698224063
      },
      "micro": {
        "f1": 0.09852383506205523,
        "er": 3.05117955649963,
        "le_cd": 11.305215558230547,
        "lr_cd": 0.16673425380579962,
        "seld": 1.212182055183264
      }
    },
    "0.30": {
      "macro": {
        "f1": 0.04347081847536844,
        "er": 1.4668808172565546,
        "le_cd": 128.057259798389,
        "lr_cd": 0.061338582300141435,
        "seld": 1.0183751593958015
      },
      "micro": {
        "f1": 0.12148664474573218,
        "er": 2.008702648772167,
        "le_cd": 11.217382657744322,
        "lr_cd": 0.13888835248302275,
        "seld": 0.952661611021609
      }
    }
  }
}