{
  "spec": {
    "variant": "no_geom",
    "seed": 4
  },
  "n_clips_eval": 78,
  "thresholds": {
    "0.10": {
      "macro": {
        "f1": 0.015177706090059842,
        "er": 2.7779952791604376,
        "le_cd": 115.75243844413816,
        "lr_cd": 0.03703075059135667,
        "seld": 1.3422139812366138
      },
      "micro": {
        "f1": 0.05476648462747608,
        "er": 3.4604229023848605,
        "le_cd": 11.753619995614983,
        "lr_cd": 0.10024781951015416,
        "seld": 1.3426766217779396
      }
    },
    "0.15": {
      "macro": {
        "f1": 0.01380021012391264,
        "er": 1.4866555125424696,
        "le_cd": 129.14534583857483,
        "lr_cd": 0.01756620250917058,
        "seld": 1.043190810864256
      },
      "micro": {
        "f1": 0.042943089776568376,
        "er": 2.0284702777509573,
        "le_cd": 12.036943304004161,
        "lr_cd": 0.0455086736828554,
        "seld": 1.0017226053840003
      }
    },
    "0.18": {
      "macro": {
        "f1": 0.006181694805295664,
        "er": 1.4230209627511377,
        "le_cd": 129.86833703388348,
        "lr_cd": 0.010313997210265002,
        "seld": 1.0320040080087325
      },
      "micro": {
        "f1": 0.02516872890888639,
        "er": 1.8743265424350681,
        "le_cd": 13.851682931770107,
        "lr_cd": 0.024196195809597375,
        "seld": 0.9754788529454934
      }
    },
    "0.22": {
      "macro": {
        "f1": 0.006617401795692339,
        "er": 1.365816481292068,
        "le_cd": 142.2265582078842,
        "lr_cd": 0.00978231493424166,
        "seld": 1.0348910775403726
      },
      "micro": {
        "f1": 0.025652363029825903,
        "er": 1.7446815358372758,
        "le_cd": 13.868767854476324,
        "lr_cd": 0.02296675356441698,
        "seld": 0.9432777823864198
      }
    },
    "0.30": {
      "macro": {
        "f1": 0.0030477403254486513,
        "er": 1.259739806806389,
        "le_cd": 142.21519660519283,
        "lr_cd": 0.004783503584219067,
        "seld": 1.0104982471202815
      },
      "micro": {
        "f1": 0.014251661003195212,
        "er": 1.5012841556435261,
        "le_cd": 12.87407526041626,
        "lr_cd": 0.010852563483634257,
        "seld": 0.8869256428730856
      }
    }
  }
}