{
  "spec": {
    "variant": "no_geom",
    "seed": 4
  },
  "n_clips_eval": 78,
  "thresholds": {
    "0.10": {
      "macro": {
        "f1": 0.04325736114618358,
        "er": 10.884264709547022,
        "le_cd": 38.518581281318795,
        "lr_cd": 0.16940658716301754,
        "seld": 3.2213982198668423
      },
      "micro": {
        "f1": 0.07468349616431383,
        "er": 6.108029995816034,
        "le_cd": 12.182168039130543,
        "lr_cd": 0.24649351485307844,
        "seld": 1.9636329240317862
      }
    },
    "0.15": {
      "macro": {
        "f1": 0.064804706608979,
        "er": 3.4263444895294697,
        "le_cd": 51.47110912611982,
        "lr_cd": 0.1294302381665183,
        "seld": 1.3795150377525482
      },
      "micro": {
        "f1": 0.11255854013026861,
        "er": 3.6080203405104436,
        "le_cd": 12.185472910463442,
        "lr_cd": 0.22881143188181907,
        "seld": 1.3335868600557883
      }
    },
    "0.18": {
      "macro": {
        "f1": 0.0753666705284465,
        "er": 2.3825875710401743,
        "le_cd": 51.491185592803554,
        "lr_cd": 0.11805935804436843,
        "seld": 1.1188059211624004
      },
      "micro": {
        "f1": 0.1309822338735243,
        "er": 2.9467284606224453,
        "le_cd": 12.161412547087188,
        "lr_cd": 0.22207202857970454,
        "seld": 1.1653094003021474
      }
    },
    "0.22": {
      "macro": {
        "f1": 0.08374862389376007,
        "er": 1.8402469144664362,
        "le_cd": 76.96409111473059,
        "lr_cd": 0.10795090198100077,
        "seld": 1.0190314181406004
      },
      "micro": {
        "f1": 0.14878338052736245,
        "er": 2.443880145473271,
        "le_cd": 12.129956788655585,
        "lr_cd": 0.21358179653052686,
        "seld": 1.0372259043103114
      }
    },
    "0.30": {
      "macro": {
        "f1": 0.08246109963271138,
        "er": 1.462262060981953,
        "le_cd": 90.0124419153421,
        "lr_cd": 0.09407472049549231,
        "seld": 0.9464488406514124
      },
      "micro": {
        "f1": 0.16866099359044473,
        "er": 1.9569630845482926,
        "le_cd": 12.073131703755172,
        "lr_cd": 0.19851308293907502,
        "seld": 0.9142154904821309
      }
    }
  }
}