{
  "spec": {
    "variant": "no_geom",
    "seed": 2
  },
  "n_clips_eval": 78,
  "thresholds": {
    "0.10": {
      "macro": {
        "f1": 0.03867939431282717,
        "er": 12.04012994890811,
        "le_cd": 39.05178383770716,
        "lr_cd": 0.14232948903327866,
        "seld": 3.519018855053983
      },
      "micro": {
        "f1": 0.06365967595235512,
        "er": 5.944005664445946,
        "le_cd": 12.240939840771935,
        "lr_cd": 0.20205979852595668,
        "seld": 1.936572852826314
      }
    },
    "0.15": {
      "macro": {
        "f1": 0.06016464800397196,
        "er": 3.6668273065406463,
        "le_cd": 51.64583348051102,
        "lr_cd": 0.11408241280229163,
        "seld": 1.444875385712083
      },
      "micro": {
        "f1": 0.09465742134422067,
        "er": 3.662617875189083,
        "le_cd": 12.199304684333413,
        "lr_cd": 0.19147114672846063,
        "seld": 1.3610658055073412
      }
    },
    "0.18": {
      "macro": {
        "f1": 0.06612393691837816,
        "er": 2.6803173481678115,
        "le_cd": 51.94374593316465,
        "lr_cd": 0.10346757955220695,
        "seld": 1.1998255494981465
      },
      "micro": {
        "f1": 0.10644134060598419,
        "er": 3.1012648450323455,
        "le_cd": 12.22990833897662,
        "lr_cd": 0.18471243281516528,
        "seld": 1.2195137517069332
      }
    },
    "0.22": {
      "macro": {
        "f1": 0.068471142320297,
        "er": 2.055435968439529,
        "le_cd": 77.2268210814574,
        "lr_cd": 0.09218341913499166,
        "seld": 1.0809548254703065
      },
      "micro": {
        "f1": 0.11794398540615945,
        "er": 2.645515110553249,
        "le_cd": 12.204508781081447,
        "lr_cd": 0.17687232467574265,
        "seld": 1.1046254067582275
      }
    },
    "0.30": {
      "macro": {
        "f1": 0.06713645556797163,
        "er": 1.4672118893488344,
        "le_cd": 90.01107188261372,
        "lr_cd": 0.0776896116775719,
        "seld": 0.955611833140564
      },
      "micro": {
        "f1": 0.13441037710731743,
        "er": 2.0927038074088378,
        "le_cd": 12.156371838633822,
        "lr_cd": 0.16247948247562036,
        "seld": 0.9658373367323554
      }
    }
  }
}