{
  "spec": {
    "variant": "no_geom",
    "seed": 0
  },
  "n_clips_eval": 78,
  "thresholds": {
    "0.10": {
      "macro": {
        "f1": 0.009844236313383391,
        "er": 3.73137762241202,
        "le_cd": 91.13911755830779,
        "lr_cd": 0.026856845399675935,
        "seld": 1.550251242894612
      },
      "micro": {
        "f1": 0.027152323846183875,
        "er": 4.171143510025425,
        "le_cd": 12.97185265411512,
        "lr_cd": 0.05820861896945705,
        "seld": 1.5394621038220504
      }
    },
    "0.15": {
      "macro": {
        "f1": 0.008175272514186059,
        "er": 1.751245154962779,
        "le_cd": 116.78039606588219,
        "lr_cd": 0.013757297502555558,
        "seld": 1.0945231407724567
      },
      "micro": {
        "f1": 0.025198094462930604,
        "er": 2.6211193717614494,
        "le_cd": 13.141178481445927,
        "lr_cd": 0.03387724888159377,
        "seld": 1.1587626438840173
      }
    },
    "0.18": {
      "macro": {
        "f1": 0.006487718606859156,
        "er": 1.5061087877009145,
        "le_cd": 129.15364825601802,
        "lr_cd": 0.009531835370765272,
        "seld": 1.0519023754530696
      },
      "micro": {
        "f1": 0.021077012159814706,
        "er": 2.067612886614528,
        "le_cd": 12.314929813446335,
        "lr_cd": 0.02225869782111937,
        "seld": 1.0231733633437408
      }
    },
    "0.22": {
      "macro": {
        "f1": 0.007130577193784618,
        "er": 1.3040775266700861,
        "le_cd": 141.6139341270096,
        "lr_cd": 0.00735741546843055,
        "seld": 1.0190834031228144
      },
      "micro": {
        "f1": 0.020704314264481435,
        "er": 1.5777026809565189,
        "le_cd": 12.239851825973433,
        "lr_cd": 0.016677931189855492,
        "seld": 0.9020799030782864
      }
    },
    "0.30": {
      "macro": {
        "f1": 0.0013124294666366017,
        "er": 1.1415336801550438,
        "le_cd": 141.47853590543812,
        "lr_cd": 0.0012121908524010117,
        "seld": 0.9812502314943323
      },
      "micro": {
        "f1": 0.003529921432506298,
        "er": 1.1992726336455215,
        "le_cd": 14.773723738889082,
        "lr_cd": 0.0021241672298928263,
        "seld": 0.8189236969942377
      }
    }
  }
}