{
  "spec": {
    "variant": "no_geom_xl",
    "seed": 4,
    "suffix": "cap_xl_mc8_inmem"
  },
  "n_clips_eval": 78,
  "thresholds": {
    "0.10": {
      "macro": {
        "f1": 0.035582253222107334,
        "er": 21.98552685137758,
        "le_cd": 25.655567431219797,
        "lr_cd": 0.18839174769883338,
        "seld": 5.97602094515752
      },
      "micro": {
        "f1": 0.05687292448440875,
        "er": 7.59391072060764,
        "le_cd": 11.96333972386263,
        "lr_cd": 0.22896591677126582,
        "seld": 2.343633719454467
      }
    },
    "0.15": {
      "macro": {
        "f1": 0.059316788326124054,
        "er": 5.434747120745292,
        "le_cd": 26.19599329527748,
        "lr_cd": 0.15455332467885383,
        "seld": 1.8416025759562973
      },
      "micro": {
        "f1": 0.0952322415630749,
        "er": 4.1691416433330115,
        "le_cd": 11.911851791358677,
        "lr_cd": 0.2194136011071417,
        "seld": 1.4801681887648082
      }
    },
    "0.18": {
      "macro": {
        "f1": 0.07150838767430792,
        "er": 3.5110464522055915,
        "le_cd": 39.45641393501725,
        "lr_cd": 0.14444085296398876,
        "seld": 1.37857487780157
      },
      "micro": {
        "f1": 0.11479118599727,
        "er": 3.301902095201313,
        "le_cd": 11.89113273206932,
        "lr_cd": 0.2140903092916224,
        "seld": 1.2597706121059793
      }
    },
    "0.22": {
      "macro": {
        "f1": 0.08221992742117577,
        "er": 2.475204465394371,
        "le_cd": 39.69794738783792,
        "lr_cd": 0.13215618577482874,
        "seld": 1.1203431260882553
      },
      "micro": {
        "f1": 0.1341618652016615,
        "er": 2.661980625020115,
        "le_cd": 11.855552358051902,
        "lr_cd": 0.20623732741141257,
        "seld": 1.0968614030434989
      }
    },
    "0.30": {
      "macro": {
        "f1": 0.09202245178631029,
        "er": 1.7702571870625294,
        "le_cd": 52.33327808014822,
        "lr_cd": 0.11583506427854554,
        "seld": 0.9632850261940686
      },
      "micro": {
        "f1": 0.15850653879917362,
        "er": 2.0423610440603777,
        "le_cd": 11.805053180608736,
        "lr_cd": 0.19235299797238584,
        "seld": 0.9392712840174945
      }
    }
  }
}