{
  "ckpt": "D:\\ssl-research\\week11_starss23\\runs\\no_geom_seed0_real15\\best.pt",
  "args": {
    "ckpt": "D:\\ssl-research\\week11_starss23\\runs\\no_geom_seed0_real15\\best.pt",
    "audio_dir": "D:\\ssl-research\\data\\STARSS23\\mic_dev",
    "metadata_dir": "D:\\ssl-research\\data\\STARSS23\\metadata_dev\\metadata_dev",
    "cache_dir": "D:\\ssl-research\\data\\STARSS23\\feat_cache",
    "split": "test",
    "activity_threshold": 0.1,
    "nms_tol_deg": 15.0,
    "tolerance_deg": 20.0,
    "out_json": "D:\\ssl-research\\week11_starss23\\runs\\no_geom_seed0_real15\\eval_test_t010.json"
  },
  "macro": {
    "f1": 0.012259370324719325,
    "er": 1.7448919778767986,
    "le_cd": 128.79945858891824,
    "lr_cd": 0.01577472008318748,
    "seld": 1.1081026087962762
  },
  "micro": {
    "f1": 0.03755433102369651,
    "er": 2.043912329825239,
    "le_cd": 12.384855499008973,
    "lr_cd": 0.0398764120884426,
    "seld": 1.0088215848713429
  },
  "per_class": {
    "precision": [
      0.04208924316704714,
      0.11457478807765928,
      0.0,
      0.0,
      0.0,
      0.0018285249898415277,
      0.0,
      0.0,
      0.03074410475344546,
      0.0,
      0.0,
      0.0,
      0.0
    ],
    "recall": [
      0.1245156290364247,
      0.04207883504895807,
      0.0,
      0.0,
      0.0,
      0.004403669724770643,
      0.0,
      0.0,
      0.03407322727128386,
      0.0,
      0.0,
      0.0,
      0.0
    ],
    "f1": [
      0.06291254894648517,
      0.061552021741525575,
      0.0,
      0.0,
      0.0,
      0.0025840720668987545,
      0.0,
      0.0,
      0.032323171466441744,
      0.0,
      0.0,
      0.0,
      0.0
    ],
    "le_cd": [
      11.681372888261272,
      15.469596050063712,
      180.0,
      180.0,
      180.0,
      17.828644829707752,
      180.0,
      180.0,
      9.41334788790429,
      180.0,
      180.0,
      180.0,
      180.0
    ],
    "lr_cd": [
      0.1245156290364247,
      0.04207883504895807,
      0.0,
      0.0,
      0.0,
      0.004403669724770643,
      0.0,
      0.0,
      0.03407322727128386,
      0.0,
      0.0,
      0.0,
      0.0
    ],
    "er_cd": [
      3.70934051740045,
      1.2831031885513433,
      1.1177304964539008,
      1.4064587973273943,
      1.0153884338545545,
      3.3995107033639145,
      1.241952905595161,
      2.1194295900178255,
      2.0401384522562003,
      1.0000386892095794,
      2.114104002992892,
      1.2228864218616566,
      1.0135135135135136
    ]
  },
  "n_ref_per_class": [
    27097,
    39830,
    705,
    898,
    4029,
    16350,
    4629,
    561,
    31491,
    25847,
    2673,
    1171,
    74
  ],
  "tp_per_class": [
    3374,
    1676,
    0,
    0,
    0,
    72,
    0,
    0,
    1073,
    0,
    0,
    0,
    0
  ],
  "fp_per_class": [
    76789,
    12952,
    83,
    365,
    62,
    39304,
    1120,
    628,
    33828,
    1,
    2978,
    261,
    1
  ],
  "fn_per_class": [
    23723,
    38154,
    705,
    898,
    4029,
    16278,
    4629,
    561,
    30418,
    25847,
    2673,
    1171,
    74
  ],
  "elapsed_s": 62.5998198999996
}