{
  "spec": {
    "variant": "no_geom_l",
    "seed": 3,
    "suffix": "cap_l_mc8_inmem"
  },
  "n_clips_eval": 78,
  "thresholds": {
    "0.10": {
      "macro": {
        "f1": 0.025273023780452583,
        "er": 49.359132090059624,
        "le_cd": 38.34725134542175,
        "lr_cd": 0.12837402233133724,
        "seld": 12.854631332300045
      },
      "micro": {
        "f1": 0.042286662195246495,
        "er": 8.933874030446397,
        "le_cd": 12.404148475225911,
        "lr_cd": 0.1972321457307457,
        "seld": 2.69081678962347
      }
    },
    "0.15": {
      "macro": {
        "f1": 0.037123575249197835,
        "er": 7.967030332399255,
        "le_cd": 51.87749108409458,
        "lr_cd": 0.10377056639405499,
        "seld": 2.528586118639132
      },
      "micro": {
        "f1": 0.0682681589393618,
        "er": 5.062862476264041,
        "le_cd": 12.380669279327607,
        "lr_cd": 0.1854784203920054,
        "seld": 1.7194743482322346
      }
    },
    "0.18": {
      "macro": {
        "f1": 0.040267652049868444,
        "er": 3.845676650560767,
        "le_cd": 64.68238491619337,
        "lr_cd": 0.09083701838844675,
        "seld": 1.5184796407475483
      },
      "micro": {
        "f1": 0.08058280730179146,
        "er": 4.039902159570017,
        "le_cd": 12.432199338513534,
        "lr_cd": 0.17703968330597664,
        "seld": 1.4628368607662756
      }
    },
    "0.22": {
      "macro": {
        "f1": 0.03701859570024065,
        "er": 2.499704347688436,
        "le_cd": 77.5311572918687,
        "lr_cd": 0.07667387847480361,
        "seld": 1.2041851312837213
      },
      "micro": {
        "f1": 0.09240992221464914,
        "er": 3.282823211354639,
        "le_cd": 12.483028980745122,
        "lr_cd": 0.1671269028998101,
        "seld": 1.27315913681108
      }
    },
    "0.30": {
      "macro": {
        "f1": 0.04223393349606467,
        "er": 1.7901078134602304,
        "le_cd": 102.91666250058643,
        "lr_cd": 0.06643320922959958,
        "seld": 1.0632999767122338
      },
      "micro": {
        "f1": 0.11099222517100886,
        "er": 2.449473785845322,
        "le_cd": 12.536098277088687,
        "lr_cd": 0.1529078562003154,
        "seld": 1.063804673725567
      }
    }
  }
}