{
  "spec": {
    "variant": "no_geom_xl",
    "seed": 2,
    "suffix": "cap_xl_mc8_inmem"
  },
  "n_clips_eval": 78,
  "thresholds": {
    "0.10": {
      "macro": {
        "f1": 0.03212516886027564,
        "er": 37.690739384607426,
        "le_cd": 25.452352891885994,
        "lr_cd": 0.19257992160392826,
        "seld": 9.901859063663425
      },
      "micro": {
        "f1": 0.05079463633701753,
        "er": 8.659669788548808,
        "le_cd": 11.544089920849014,
        "lr_cd": 0.23170158668855204,
        "seld": 2.6103268496042116
      }
    },
    "0.15": {
      "macro": {
        "f1": 0.04708589421262321,
        "er": 7.682976095273134,
        "le_cd": 38.347567850580404,
        "lr_cd": 0.1550852480722451,
        "seld": 2.42346174915065
      },
      "micro": {
        "f1": 0.08465489922243258,
        "er": 4.733616555630652,
        "le_cd": 11.501473584768394,
        "lr_cd": 0.21889221460525893,
        "seld": 1.623491629318474
      }
    },
    "0.18": {
      "macro": {
        "f1": 0.05667358412987105,
        "er": 4.3480828857672025,
        "le_cd": 51.090903456170395,
        "lr_cd": 0.13957079802100564,
        "seld": 1.6089192140376516
      },
      "micro": {
        "f1": 0.10374716880753872,
        "er": 3.665276302661646,
        "le_cd": 11.48167436627502,
        "lr_cd": 0.2121399375623572,
        "seld": 1.3532940690260973
      }
    },
    "0.22": {
      "macro": {
        "f1": 0.06933119371398219,
        "er": 2.630854320971509,
        "le_cd": 51.4533335399372,
        "lr_cd": 0.12220513231147836,
        "seld": 1.181292461986425
      },
      "micro": {
        "f1": 0.1258808551249483,
        "er": 2.841704483280229,
        "le_cd": 11.447343214313882,
        "lr_cd": 0.20461523607222168,
        "seld": 1.143701185818423
      }
    },
    "0.30": {
      "macro": {
        "f1": 0.08110347542242995,
        "er": 1.6953949240708845,
        "le_cd": 76.6123092603637,
        "lr_cd": 0.10119329113739857,
        "seld": 0.9846805244616025
      },
      "micro": {
        "f1": 0.1560095890196324,
        "er": 2.0803707637346722,
        "le_cd": 11.400095536763537,
        "lr_cd": 0.19227575552766246,
        "seld": 0.9488548208201271
      }
    }
  }
}