{
  "thresholds": {
    "0.10": {
      "macro": {
        "f1": 0.036345744108303726,
        "er": 11.897501339613942,
        "le_cd": 38.582084995583735,
        "lr_cd": 0.14717152108306575,
        "seld": 3.4820822477661766
      },
      "micro": {
        "f1": 0.06893222685662918,
        "er": 6.220237520517524,
        "le_cd": 11.758074858292778,
        "lr_cd": 0.23025972772038236,
        "seld": 1.996592051010535
      }
    },
    "0.15": {
      "macro": {
        "f1": 0.054917005929791034,
        "er": 3.723584237491522,
        "le_cd": 39.05703086906925,
        "lr_cd": 0.11249999826427365,
        "seld": 1.4432876845314049
      },
      "micro": {
        "f1": 0.10346436971761021,
        "er": 3.7465096070290627,
        "le_cd": 11.721535685066254,
        "lr_cd": 0.21618229216954718,
        "seld": 1.3729956469591793
      }
    },
    "0.18": {
      "macro": {
        "f1": 0.06335593432414464,
        "er": 2.6532595810476343,
        "le_cd": 64.46468307286577,
        "lr_cd": 0.10866180786152947,
        "seld": 1.2098447417611369
      },
      "micro": {
        "f1": 0.11978541320730615,
        "er": 3.105043287953397,
        "le_cd": 11.71210120937673,
        "lr_cd": 0.2112773969296128,
        "seld": 1.2097619266893649
      }
    },
    "0.22": {
      "macro": {
        "f1": 0.07128019443173614,
        "er": 2.050756872312173,
        "le_cd": 64.48547931288408,
        "lr_cd": 0.10508710344115685,
        "seld": 1.058160559322159
      },
      "micro": {
        "f1": 0.13604697643696467,
        "er": 2.601557722635255,
        "le_cd": 11.694190498186687,
        "lr_cd": 0.2048340896656046,
        "seld": 1.0814110953806528
      }
    },
    "0.30": {
      "macro": {
        "f1": 0.07630225352190359,
        "er": 1.5190336272743816,
        "le_cd": 102.16863183875373,
        "lr_cd": 0.09259635099374496,
        "seld": 0.9794346332435079
      },
      "micro": {
        "f1": 0.1573399419536955,
        "er": 2.0464291461491424,
        "le_cd": 11.634246849059172,
        "lr_cd": 0.19105275015287568,
        "seld": 0.9406677896898916
      }
    }
  },
  "n_clips_eval": 78
}