{
  "spec": {
    "variant": "full_xs",
    "seed": 2,
    "suffix": "cap_xs_mc8_inmem"
  },
  "n_clips_eval": 78,
  "thresholds": {
    "0.10": {
      "macro": {
        "f1": 0.038140673768776376,
        "er": 8.327027831217631,
        "le_cd": 50.99070068242062,
        "lr_cd": 0.13336194722657108,
        "seld": 2.609701720170044
      },
      "micro": {
        "f1": 0.07342021868244875,
        "er": 5.683833800006437,
        "le_cd": 11.724902178908142,
        "lr_cd": 0.22518747385021404,
        "seld": 1.8625911132280382
      }
    },
    "0.15": {
      "macro": {
        "f1": 0.05035099101491085,
        "er": 2.7810449152936987,
        "le_cd": 50.82252645173306,
        "lr_cd": 0.10391063375090442,
        "seld": 1.2272826649260447
      },
      "micro": {
        "f1": 0.10519923419406596,
        "er": 3.6041195970519135,
        "le_cd": 11.681597797861377,
        "lr_cd": 0.21186315213543175,
        "seld": 1.3379887440665226
      }
    },
    "0.18": {
      "macro": {
        "f1": 0.05677420439349034,
        "er": 2.1143315398649305,
        "le_cd": 77.23184025579529,
        "lr_cd": 0.09722227531307093,
        "seld": 1.097350209839308
      },
      "micro": {
        "f1": 0.12035241959723475,
        "er": 3.0140903092916225,
        "le_cd": 11.673218551308201,
        "lr_cd": 0.20619226931865728,
        "seld": 1.1880992086374162
      }
    },
    "0.22": {
      "macro": {
        "f1": 0.05675272533751278,
        "er": 1.7042734015691332,
        "le_cd": 77.60232196469086,
        "lr_cd": 0.08627707659859059,
        "seld": 0.9980919026369948
      },
      "micro": {
        "f1": 0.1350959980780548,
        "er": 2.5259116217694957,
        "le_cd": 11.641962983380514,
        "lr_cd": 0.1972707669531074,
        "seld": 1.064555607217056
      }
    },
    "0.30": {
      "macro": {
        "f1": 0.0581061884236022,
        "er": 1.4145827440394685,
        "le_cd": 115.04832232722073,
        "lr_cd": 0.07670613660014851,
        "seld": 0.9797319413195138
      },
      "micro": {
        "f1": 0.15284977655551737,
        "er": 1.9828457404010171,
        "le_cd": 11.631928343002732,
        "lr_cd": 0.17888062823855042,
        "seld": 0.9289342899336855
      }
    }
  }
}