{
  "110": {
    "gate_per_seq": [
      [
        0.7528718709945679,
        0.7528310418128967,
        0.7528640627861023,
        0.7528654932975769
      ],
      [
        0.7527275681495667,
        0.7526851296424866,
        0.7527186274528503,
        0.752720057964325
      ],
      [
        0.7526953816413879,
        0.7526614665985107,
        0.752696692943573,
        0.7526938915252686
      ],
      [
        0.7528098821640015,
        0.7527718544006348,
        0.7528154253959656,
        0.7528103590011597
      ],
      [
        0.752884030342102,
        0.7528399229049683,
        0.7528882026672363,
        0.75288325548172
      ],
      [
        0.7528284788131714,
        0.752785861492157,
        0.7528336644172668,
        0.7528284192085266
      ],
      [
        0.7529392242431641,
        0.7528964877128601,
        0.7529456615447998,
        0.7529398202896118
      ],
      [
        0.7528048157691956,
        0.7527666091918945,
        0.752810537815094,
        0.7528053522109985
      ],
      [
        0.7527724504470825,
        0.7527274489402771,
        0.7527686357498169,
        0.7527674436569214
      ],
      [
        0.7527896165847778,
        0.7527499794960022,
        0.752792477607727,
        0.7527886033058167
      ],
      [
        0.7527962923049927,
        0.7527532577514648,
        0.7527968883514404,
        0.7527937889099121
      ],
      [
        0.7528014183044434,
        0.7527607679367065,
        0.7528063058853149,
        0.7528012990951538
      ],
      [
        0.7521449327468872,
        0.7521387338638306,
        0.7521462440490723,
        0.7521451711654663
      ]
    ],
    "attn_mean": [
      [
        0.0167092215269804,
        0.0020992194768041372,
        0.9802916049957275,
        0.000899941602256149
      ],
      [
        0.07414951920509338,
        0.007931796833872795,
        0.21924051642417908,
        0.6986780762672424
      ],
      [
        0.40699389576911926,
        0.12864404916763306,
        0.41057494282722473,
        0.05378716439008713
      ],
      [
        0.2216951847076416,
        0.07275999337434769,
        0.6200570464134216,
        0.0854877382516861
      ]
    ],
    "attn_per_seq": [
      [
        [
          0.014228683896362782,
          0.001450361218303442,
          0.9837230443954468,
          0.0005978930275887251
        ],
        [
          0.06888803839683533,
          0.005872375797480345,
          0.21152058243751526,
          0.7137190103530884
        ],
        [
          0.4177987277507782,
          0.12045807391405106,
          0.4125441610813141,
          0.04919910430908203
        ],
        [
          0.22114978730678558,
          0.06598508358001709,
          0.6330138444900513,
          0.07985123991966248
        ]
      ],
      [
        [
          0.017742641270160675,
          0.0020913169719278812,
          0.9792793989181519,
          0.0008866008720360696
        ],
        [
          0.07629678398370743,
          0.007666292600333691,
          0.22051215171813965,
          0.6955247521400452
        ],
        [
          0.4101594388484955,
          0.1291835755109787,
          0.4064367413520813,
          0.054220229387283325
        ],
        [
          0.22627201676368713,
          0.07382357865571976,
          0.613194465637207,
          0.08670995384454727
        ]
      ],
      [
        [
          0.017810791730880737,
          0.0021392900962382555,
          0.9791410565376282,
          0.0009088554070331156
        ],
        [
          0.07672810554504395,
          0.00795671809464693,
          0.2233877331018448,
          0.691927433013916
        ],
        [
          0.4055365025997162,
          0.13099248707294464,
          0.40805691480636597,
          0.0554141066968441
        ],
        [
          0.22485707700252533,
          0.07482605427503586,
          0.612761378288269,
          0.08755546808242798
        ]
      ],
      [
        [
          0.014504343271255493,
          0.0015675852773711085,
          0.9832820296287537,
          0.0006461425800807774
        ],
        [
          0.07029401510953903,
          0.006639563944190741,
          0.2162196934223175,
          0.7068467140197754
        ],
        [
          0.40829312801361084,
          0.12566863000392914,
          0.4142601788043976,
          0.05177812650799751
        ],
        [
          0.21910668909549713,
          0.06966302543878555,
          0.6282342076301575,
          0.08299612253904343
        ]
      ],
      [
        [
          0.01289930660277605,
          0.0013138734502717853,
          0.9852567315101624,
          0.000530056597199291
        ],
        [
          0.0669541284441948,
          0.006018871441483498,
          0.21142801642417908,
          0.715599000453949
        ],
        [
          0.41073840856552124,
          0.12282963842153549,
          0.4168829917907715,
          0.04954896494746208
        ],
        [
          0.21613746881484985,
          0.06700161099433899,
          0.6364474296569824,
          0.08041349053382874
        ]
      ],
      [
        [
          0.014102657325565815,
          0.0014969381736591458,
          0.9837827086448669,
          0.0006177031900733709
        ],
        [
          0.06911171227693558,
          0.006396905984729528,
          0.2142328917980194,
          0.7102584838867188
        ],
        [
          0.4091208279132843,
          0.1245507150888443,
          0.41495195031166077,
          0.05137651041150093
        ],
        [
          0.21859607100486755,
          0.06895867735147476,
          0.6296709775924683,
          0.08277425169944763
        ]
      ],
      [
        [
          0.011761379428207874,
          0.001129118842072785,
          0.9866573214530945,
          0.000452090724138543
        ],
        [
          0.06394174695014954,
          0.005367828067392111,
          0.2078222632408142,
          0.7228681445121765
        ],
        [
          0.41296815872192383,
          0.11925792694091797,
          0.4199833571910858,
          0.04779050871729851
        ],
        [
          0.2136043906211853,
          0.06390251964330673,
          0.6446255445480347,
          0.0778675228357315
        ]
      ],
      [
        [
          0.014623738825321198,
          0.0015847334871068597,
          0.983135998249054,
          0.0006555111031048
        ],
        [
          0.07040853053331375,
          0.006650453433394432,
          0.21633368730545044,
          0.7066073417663574
        ],
        [
          0.408193975687027,
          0.12570109963417053,
          0.414131224155426,
          0.051973793655633926
        ],
        [
          0.21935848891735077,
          0.06979280710220337,
          0.6275838017463684,
          0.08326482772827148
        ]
      ],
      [
        [
          0.01601492427289486,
          0.00181424745824188,
          0.9814148545265198,
          0.0007559814839623868
        ],
        [
          0.07337503880262375,
          0.007237541023641825,
          0.217872753739357,
          0.7015146613121033
        ],
        [
          0.409287691116333,
          0.1279626190662384,
          0.4097321331501007,
          0.053017549216747284
        ],
        [
          0.222852423787117,
          0.07229156047105789,
          0.6195841431617737,
          0.08527184277772903
        ]
      ],
      [
        [
          0.015297087840735912,
          0.0016728698974475265,
          0.9823285937309265,
          0.0007014960865490139
        ],
        [
          0.07119723409414291,
          0.006665847729891539,
          0.21643100678920746,
          0.7057058811187744
        ],
        [
          0.40957316756248474,
          0.12539371848106384,
          0.4126010537147522,
