{
  "spec": {
    "variant": "full_xs",
    "seed": 0,
    "suffix": "cap_xs_mc8_inmem"
  },
  "n_clips_eval": 78,
  "thresholds": {
    "0.10": {
      "macro": {
        "f1": 0.03441179591946685,
        "er": 6.953500277125462,
        "le_cd": 64.27916683962096,
        "lr_cd": 0.08168664267774967,
        "seld": 2.298627080242646
      },
      "micro": {
        "f1": 0.08807750869245745,
        "er": 3.8744745904541213,
        "le_cd": 11.885680056953134,
        "lr_cd": 0.1871069486015899,
        "seld": 1.4163304222580089
      }
    },
    "0.15": {
      "macro": {
        "f1": 0.03692080138632818,
        "er": 2.054952470676015,
        "le_cd": 102.65635665423179,
        "lr_cd": 0.07072132660539684,
        "seld": 1.12940585880195
      },
      "micro": {
        "f1": 0.10909626526136623,
        "er": 2.8031798139744457,
        "le_cd": 11.827147300624372,
        "lr_cd": 0.17163271217534035,
        "seld": 1.147039302607524
      }
    },
    "0.18": {
      "macro": {
        "f1": 0.039155125646258164,
        "er": 1.633030479971155,
        "le_cd": 115.78033225670059,
        "lr_cd": 0.0666584427066857,
        "seld": 1.0426102449277481
      },
      "micro": {
        "f1": 0.11622200225593332,
        "er": 2.471256155257314,
        "le_cd": 11.830464133162737,
        "lr_cd": 0.1624923562164076,
        "seld": 1.0645666493811916
      }
    },
    "0.22": {
      "macro": {
        "f1": 0.04155687260494693,
        "er": 1.4715606446893434,
        "le_cd": 128.22595933135148,
        "lr_cd": 0.06092189193267701,
        "seld": 1.0203620802203623
      },
      "micro": {
        "f1": 0.12167312490047243,
        "er": 2.1301921405812494,
        "le_cd": 11.873814103417136,
        "lr_cd": 0.1475459431624344,
        "seld": 0.9817346766065539
      }
    },
    "0.30": {
      "macro": {
        "f1": 0.04359035031297685,
        "er": 1.2886043667368408,
        "le_cd": 128.23387006386983,
        "lr_cd": 0.04883615683841946,
        "seld": 0.9771470622072915
      },
      "micro": {
        "f1": 0.1237115506296818,
        "er": 1.6580863184319783,
        "le_cd": 11.841527107026039,
        "lr_cd": 0.11704161436709472,
        "seld": 0.8707798537852256
      }
    }
  }
}