{
  "spec": {
    "variant": "full",
    "seed": 1
  },
  "n_clips_eval": 78,
  "thresholds": {
    "0.10": {
      "macro": {
        "f1": 0.004629494105145003,
        "er": 6.58043873295405,
        "le_cd": 129.12077150229436,
        "lr_cd": 0.01605866232297876,
        "seld": 2.3192720489957797
      },
      "micro": {
        "f1": 0.01628088931830832,
        "er": 4.823468829455119,
        "le_cd": 14.732247908236637,
        "lr_cd": 0.03991503331080429,
        "seld": 1.712279682134608
      }
    },
    "0.15": {
      "macro": {
        "f1": 0.002803917851586214,
        "er": 1.6814762986993648,
        "le_cd": 141.7746242301438,
        "lr_cd": 0.005155322088720145,
        "seld": 1.1152884650094088
      },
      "micro": {
        "f1": 0.009422165502832824,
        "er": 2.478169354060056,
        "le_cd": 14.29777350609683,
        "lr_cd": 0.011785909690708378,
        "seld": 1.1340983384750964
      }
    },
    "0.18": {
      "macro": {
        "f1": 0.0011120974251457945,
        "er": 1.4007599149136103,
        "le_cd": 154.33545824939145,
        "lr_cd": 0.0009551586714755968,
        "seld": 1.064027967828402
      },
      "micro": {
        "f1": 0.002413354848844017,
        "er": 1.7986675678285218,
        "le_cd": 13.285399649305216,
        "lr_cd": 0.0021756621930417433,
        "seld": 0.9669715816540274
      }
    },
    "0.22": {
      "macro": {
        "f1": 2.09650294221044e-05,
        "er": 1.2882863089985368,
        "le_cd": 155.29285738386167,
        "lr_cd": 1.5844513615548908e-05,
        "seld": 1.037746899008127
      },
      "micro": {
        "f1": 5.0169111714069514e-05,
        "er": 1.5395642238743523,
        "le_cd": 19.403572995100998,
        "lr_cd": 3.8621222361687746e-05,
        "seld": 0.9118182653227095
      }
    },
    "0.30": {
      "macro": {
        "f1": 0.0,
        "er": 1.143895553987297,
        "le_cd": 180.0,
        "lr_cd": 0.0,
        "seld": 1.0359738884968244
      },
      "micro": {
        "f1": 0.0,
        "er": 1.1968716809887032,
        "le_cd": 0.0,
        "lr_cd": 0.0,
        "seld": 0.7992179202471759
      }
    }
  }
}