{
  "class_names": [
    "femaleSpeech",
    "maleSpeech",
    "clapping",
    "telephone",
    "laughter",
    "domesticSnd",
    "footsteps",
    "doorOpen",
    "music",
    "instrument",
    "waterTap",
    "bell",
    "knock"
  ],
  "results": [
    {
      "task_id": "110",
      "counts": [
        975,
        1328,
        35,
        31,
        272,
        350,
        164,
        33,
        613,
        479,
        71,
        38,
        10
      ],
      "chunks_total": 2357,
      "mean_per_class": [
        [
          [
            0.06918140893157285,
            0.02521087568719873,
            0.8896174504512395,
            0.015990262671220758
          ],
          [
            0.1373780201853086,
            0.04559690103096028,
            0.26049555219900916,
            0.5565295266799438
          ],
          [
            0.36657220336107105,
            0.17720988545662317,
            0.3612705545853346,
            0.09494735947690713
          ],
          [
            0.24253473330766726,
            0.12470697304950311,
            0.506500169130472,
            0.1262581238303429
          ]
        ],
        [
          [
            0.0692200113407158,
            0.027207835853153166,
            0.8849949958840811,
            0.01857715753706828
          ],
          [
            0.1332491190265303,
            0.044909266091776937,
            0.2574481233528041,
            0.5643934917086398
          ],
          [
            0.3657942408336753,
            0.1742895658419703,
            0.36482400520065106,
            0.09509219082650246
          ],
          [
            0.23930545007608023,
            0.12113870927469289,
            0.5150831863508526,
            0.12447265299536422
          ]
        ],
        [
          [
            0.04923128145746887,
            0.01608903615514074,
            0.9249658346176147,
            0.00971384268104235
          ],
          [
            0.11429358582411493,
            0.03342225038712578,
            0.24350172366414752,
            0.6087824387209756
          ],
          [
            0.3814353295734951,
            0.1585934641105788,
            0.38081733073507035,
            0.07915385937584297
          ],
          [
            0.2248560688325337,
            0.10322270643498216,
            0.5653801364558083,
            0.10654109226805823
          ]
        ],
        [
          [
            0.08023904756672921,
            0.04611948046365268,
            0.8342037148052647,
            0.039437747530369494
          ],
          [
            0.1264433427563598,
            0.053932359766951134,
            0.23648298772112017,
            0.5831413076769921
          ],
          [
            0.36933707037279684,
            0.16868354043652933,
            0.3591727811482645,
            0.10280661447153937
          ],
          [
            0.2324562490947785,
            0.11895590263508982,
            0.5227085582671627,
            0.12587928928194508
          ]
        ],
        [
          [
            0.04502223234757206,
            0.013447860640613887,
            0.9337211253450197,
            0.00780878113682223
          ],
          [
            0.11246771140791037,
            0.028852253277043074,
            0.24557618725606623,
            0.6131038532099303
          ],
          [
            0.38463063012151155,
            0.16049720305839882,
            0.37848158224540596,
            0.07639058483833008
          ],
          [
            0.23318207351600423,
            0.10438740050748867,
            0.5547416153199533,
            0.10768891105373554
          ]
        ],
        [
          [
            0.020501711467513815,
            0.004970206598695118,
            0.971726838179997,
            0.0028012450809618322
          ],
          [
            0.07372559888022287,
            0.013119707288403464,
            0.2022434771486691,
            0.7109112198863711
          ],
          [
            0.4205724654027394,
            0.12357632326228278,
            0.40550369007246834,
            0.050347522755286526
          ],
          [
            0.21279941520520618,
            0.07091687843735729,
            0.636857572368213,
            0.07942613629358156
          ]
        ],
        [
          [
            0.0976918901404843,
            0.04394439069992365,
            0.827096667595026,
            0.03126704928536128
          ],
          [
            0.15850973764161874,
            0.06586139218912959,
            0.2692344697510324,
            0.5063943989211466
          ],
          [
            0.3454784323892942,
            0.19054553139863944,
            0.34830184498938116,
            0.11567418685001207
          ],
          [
            0.24803132972702746,
            0.1465013468206474,
            0.4558173227237492,
            0.14964999928616168
          ]
        ],
        [
          [
            0.08044411843134598,
            0.03129017996340708,
            0.8677600531867056,
            0.02050564641787346
          ],
          [
            0.1455354465905464,
            0.05346849749118767,
            0.26485032836596173,
            0.536145730452104
          ],
          [
            0.354180122866775,
            0.1820644230553598,
            0.35979944828784827,
            0.10395601256327196
          ],
          [
            0.24195424625367828,
            0.13228703888528276,
            0.48917002750165534,
            0.13658868024746576
          ]
        ],
        [
          [
            0.04935511101840966,
            0.01659827749904512,
            0.9234591855213264,
            0.010587424963170328
          ],
          [
            0.11314854165007396,
            0.029538782243199075,
            0.24358651581635093,
            0.6137261608004765
          ],
          [
            0.38794366140252806,
            0.1602110272033374,
            0.37405254009983474,
            0.07779277238666671
          ],
          [
            0.23583973095817629,
            0.10255612371881381,
            0.5553533330827125,
            0.10625081299690205
          ]
        ],
        [
          [
            0.08501223602870747,
            0.03234726374779377,
            0.861907274464227,
            0.020733227368291335
          ],
          [
            0.15258098501782077,
            0.055130322060853026,
            0.2765260266921714,
            0.5157626663219954
          ],
          [
            0.3479794526398804,
            0.18828895317861083,
            0.3576753337970606,
            0.10605626093663104
          ],
          [
            0.2444459454376165,
            0.13952360736178954,
            0.4751546198739388,
            0.14087582922429778
          ]
        ],
        [
          [
            0.04451613844385449,
            0.01530970372981064,
            0.930173956172567,
            0.01000021012308499
          ],
          [
            0.110885104872811,
            0.029624079104880213,
            0.23527313663925922,
            0.6242176823213067
          ],
          [
            0.40774472666458345,
            0.152371642350311,
            0.36991490570592206,
            0.06996871932396587
          ],
          [
            0.23922862910049061,
            0.09918795368621047,
            0.5613935417692426,
            0.10018987644096496
          ]
        ],
        [
          [
            0.0130422265808049,
            0.001661300416966888,
            0.9845864176750183,
            0.0007100486272017741
          ],
          [
            0.06567805559423409,
            0.006412439722273695,
            0.19583569467067719,
            0.7320738026970312
          ],
          [
            0.4341718311372556,
            0.12021658844069431,
            0.40294171477618973,
