{
  "per_cell": {
    "100_foa_no_gca": {
      "n_seeds": 4,
      "per_seed": {
        "1": {
          "F1": 13.56,
          "LE": 39.98,
          "DE": 0.5,
          "RDE": 0.27,
          "SELD": 0.529
        },
        "2": {
          "F1": 13.66,
          "LE": 51.0,
          "DE": 0.71,
          "RDE": 0.28,
          "SELD": 0.511
        },
        "3": {
          "F1": 12.17,
          "LE": 38.95,
          "DE": 0.47,
          "RDE": 0.26,
          "SELD": 0.529
        },
        "4": {
          "F1": 13.62,
          "LE": 40.59,
          "DE": 0.56,
          "RDE": 0.29,
          "SELD": 0.536
        }
      },
      "F1": {
        "mean": 13.2525,
        "std": 0.7228358504298653
      },
      "LE": {
        "mean": 42.63,
        "std": 5.620895539561882
      },
      "DE": {
        "mean": 0.56,
        "std": 0.1067707825203131
      },
      "RDE": {
        "mean": 0.275,
        "std": 0.012909944487358046
      },
      "SELD": {
        "mean": 0.52625,
        "std": 0.010688779163215985
      }
    },
    "130_foa_gca_full": {
      "n_seeds": 3,
      "per_seed": {
        "1": {
          "F1": 13.25,
          "LE": 40.68,
          "DE": 0.52,
          "RDE": 0.26,
          "SELD": 0.53
        },
        "2": {
          "F1": 12.61,
          "LE": 41.69,
          "DE": 0.53,
          "RDE": 0.27,
          "SELD": 0.535
        },
        "3": {
          "F1": 11.85,
          "LE": 37.0,
          "DE": 0.55,
          "RDE": 0.27,
          "SELD": 0.531
        }
      },
      "F1": {
        "mean": 12.57,
        "std": 0.7008566187174095
      },
      "LE": {
        "mean": 39.79,
        "std": 2.4684205476376984
      },
      "DE": {
        "mean": 0.5333333333333333,
        "std": 0.01527525231651948
      },
      "RDE": {
        "mean": 0.26666666666666666,
        "std": 0.005773502691896262
      },
      "SELD": {
        "mean": 0.532,
        "std": 0.002645751311064593
      }
    },
    "131_foa_gca_nogeom": {
      "n_seeds": 3,
      "per_seed": {
        "1": {
          "F1": 12.07,
          "LE": 50.87,
          "DE": 0.67,
          "RDE": 0.27,
          "SELD": 0.55
        },
        "2": {
          "F1": 13.5,
          "LE": 52.09,
          "DE": 0.76,
          "RDE": 0.3,
          "SELD": 0.521
        },
        "3": {
          "F1": 12.68,
          "LE": 39.58,
          "DE": 0.55,
          "RDE": 0.29,
          "SELD": 0.537
        }
      },
      "F1": {
        "mean": 12.75,
        "std": 0.7175653280364095
      },
      "LE": {
        "mean": 47.51333333333334,
        "std": 6.897494714266431
      },
      "DE": {
        "mean": 0.66,
        "std": 0.10535653752852736
      },
      "RDE": {
        "mean": 0.2866666666666667,
        "std": 0.015275252316519449
      },
      "SELD": {
        "mean": 0.536,
        "std": 0.014525839046333963
      }
    }
  },
  "contrasts": {
    "130_foa_gca_full__vs__100_foa_no_gca": {
      "description": "FOA: GCA full vs no GCA (overall)",
      "n": 3,
      "shared_seeds": [
        1,
        2,
        3
      ],
      "F1": {
        "a_per_seed": [
          13.25,
          12.61,
          11.85
        ],
        "b_per_seed": [
          13.56,
          13.66,
          12.17
        ],
        "delta_per_seed": [
          -0.3100000000000005,
          -1.0500000000000007,
          -0.3200000000000003
        ],
        "delta_mean": -0.5600000000000005,
        "delta_std": 0.42438190347845905,
        "t": -2.285555638184287,
        "p_t": 0.14962593572420804,
        "w": 0.0,
        "p_w": 0.25,
        "cohens_dz": -1.3195661629535653,
        "boot_ci_95": [
          -1.0500000000000007,
          -0.3100000000000005
        ]
      },
      "LE": {
        "a_per_seed": [
          40.68,
          41.69,
          37.0
        ],
        "b_per_seed": [
          39.98,
          51.0,
          38.95
        ],
        "delta_per_seed": [
          0.7000000000000028,
          -9.310000000000002,
          -1.9500000000000028
        ],
        "delta_mean": -3.520000000000001,
        "delta_std": 5.186395665585111,
        "t": -1.1755406327940907,
        "p_t": 0.36076943115211546,
        "w": 1.0,
        "p_w": 0.5,
        "cohens_dz": -0.6786987007870112,
        "boot_ci_95": [
          -9.310000000000002,
          0.7000000000000028
        ]
      },
      "DE": {
        "a_per_seed": [
          0.52,
          0.53,
          0.55
        ],
        "b_per_seed": [
          0.5,
          0.71,
          0.47
        ],
        "delta_per_seed": [
          0.020000000000000018,
          -0.17999999999999994,
          0.08000000000000007
        ],
        "delta_mean": -0.026666666666666616,
        "delta_std": 0.1361371857110809,
        "t": -0.3392755718719877,
        "p_t": 0.7667152625920787,
        "w": 3.0,
        "p_w": 1.0,
        "cohens_dz": -0.19588084274975634,
        "boot_ci_95": [
          -0.17999999999999994,
          0.08000000000000007
        ]
      },
      "RDE": {
        "a_per_seed": [
          0.26,
          0.27,
          0.27
        ],
        "b_per_seed": [
          0.27,
          0.28,
          0.26
        ],
        "delta_per_seed": [
          -0.010000000000000009,
          -0.010000000000000009,
          0.010000000000000009
        ],
        "delta_mean": -0.003333333333333336,
        "delta_std": 0.011547005383792525,
        "t": -0.5,
        "p_t": 0.6666666666666667,
        "w": 2.0,
        "p_w": 1.0,
        "cohens_dz": -0.28867513459481287,
        "boot_ci_95": [
          -0.010000000000000009,
          0.010000000000000009
        ]
      },
      "SELD": {
        "a_per_seed": [
          0.53,
          0.535,
          0.531
        ],
        "b_per_seed": [
          0.529,
          0.511,
          0.529
        ],
        "delta_per_seed": [
          0.0010000000000000009,
          0.02400000000000002,
          0.0020000000000000018
        ],
        "delta_mean": 0.009000000000000008,
        "delta_std": 0.013000000000000012,
        "t": 1.1991120975476843,
        "p_t": 0.35328181856684016,
        "w": 0.0,
        "p_w": 0.25,
        "cohens_dz": 0.6923076923076923,
        "boot_ci_95": [
          0.0010000000000000009,
          0.02400000000000002
        ]
      }
    },
    "130_foa_gca_full__vs__131_foa_gca_nogeom": {
      "description": "FOA: GCA full vs no_geom (geometry contribution)",
      "n": 3,
      "shared_seeds": [
        1,
        2,
        3
      ],
      "F1": {
        "a_per_seed": [
          13.25,
          12.61,
          11.85
        ],
        "b_per_seed": [
          12.07,
          13.5,
          12.68
        ],
        "delta_per_seed": [
          1.1799999999999997,
          -0.8900000000000006,
          -0.8300000000000001
        ],
        "delta_mean": -0.1800000000000003,
        "delta_std": 1.1781765572273115,
        "t": -0.26462005499083047,
        "p_t": 0.8160774037720873,
        "w": 3.0,
        "p_w": 1.0,
        "cohens_dz": -0.15277845998192952,
        "boot_ci_95": [
          -0.8900000000000006,
          1.1799999999999997
        ]
      },
      "LE": {
        "a_per_seed": [
          40.68,
          41.69,
          37.0
        ],
        "b_per_seed": [
          50.87,
          52.09,
          39.58
        ],
        "delta_per_seed": [
          -10.189999999999998,
          -10.400000000000006,
          -2.5799999999999983
        ],
        "delta_mean": -7.723333333333334,
        "delta_std": 4.455494734968649,
        "t": -3.0024063617747174,
        "p_t": 0.0953341786808594,
        "w": 0.0,
        "p_w": 0.25,
        "cohens_dz": -1.7334401211872779,
        "boot_ci_95": [
          -10.400000000000006,
          -2.5799999999999983
        ]
      },