{
  "spec": {
    "variant": "full",
    "seed": 3,
    "suffix": "mc8_inmem_specaug_weak"
  },
  "n_clips_eval": 78,
  "thresholds": {
    "0.10": {
      "macro": {
        "f1": 0.04082266647345083,
        "er": 6.8526898711449835,
        "le_cd": 64.57497896133088,
        "lr_cd": 0.10926708025145745,
        "seld": 2.2653375018846447
      },
      "micro": {
        "f1": 0.08416074476338245,
        "er": 4.749271024427923,
        "le_cd": 11.99310828382992,
        "lr_cd": 0.21821634321392938,
        "seld": 1.6283805789513055
      }
    },
    "0.15": {
      "macro": {
        "f1": 0.047848975430779976,
        "er": 2.8669160370826026,
        "le_cd": 65.6333407498695,
        "lr_cd": 0.08955189346982556,
        "seld": 1.2735362097536513
      },
      "micro": {
        "f1": 0.11187246746127576,
        "er": 3.0868913134434037,
        "le_cd": 11.888574792239234,
        "lr_cd": 0.19441923336873612,
        "seld": 1.2116618125870136
      }
    },
    "0.18": {
      "macro": {
        "f1": 0.04579585597554571,
        "er": 2.3702000865334956,
        "le_cd": 103.07059525484664,
        "lr_cd": 0.08076302093169158,
        "seld": 1.204063906927185
      },
      "micro": {
        "f1": 0.12106380758262145,
        "er": 2.6563612371664895,
        "le_cd": 11.853821321569058,
        "lr_cd": 0.18294229345692126,
        "seld": 1.104552424756138
      }
    },
    "0.22": {
      "macro": {
        "f1": 0.04879938767402422,
        "er": 1.8572874852436745,
        "le_cd": 115.80052190357561,
        "lr_cd": 0.07448061525953956,
        "seld": 1.0943359287769383
      },
      "micro": {
        "f1": 0.13106493032162855,
        "er": 2.2664799974252516,
        "le_cd": 11.826727165124693,
        "lr_cd": 0.17093109330243636,
        "seld": 1.0075470034018588
      }
    },
    "0.30": {
      "macro": {
        "f1": 0.053573940870904675,
        "er": 1.343394983855767,
        "le_cd": 128.26960340741894,
        "lr_cd": 0.0670649194431692,
        "seld": 0.9838412578401718
      },
      "micro": {
        "f1": 0.1450111952887771,
        "er": 1.7942904959608639,
        "le_cd": 11.775404903450866,
        "lr_cd": 0.1521611792346561,
        "seld": 0.8906342593919283
      }
    }
  }
}