{
  "spec": {
    "variant": "full_xl",
    "seed": 4,
    "suffix": "cap_xl_mc8_inmem"
  },
  "n_clips_eval": 78,
  "thresholds": {
    "0.10": {
      "macro": {
        "f1": 0.0311129516635358,
        "er": 40.91058192267227,
        "le_cd": 25.323976049444273,
        "lr_cd": 0.1564992466720871,
        "seld": 10.715914620041724
      },
      "micro": {
        "f1": 0.05073629111090089,
        "er": 8.913675131151233,
        "le_cd": 12.092970919713323,
        "lr_cd": 0.23820926265649642,
        "seld": 2.672978187290005
      }
    },
    "0.15": {
      "macro": {
        "f1": 0.042566346766082126,
        "er": 7.980421295007992,
        "le_cd": 51.16964176435249,
        "lr_cd": 0.1205598951297137,
        "seld": 2.5253927101729827
      },
      "micro": {
        "f1": 0.08041383266218823,
        "er": 5.077171639149046,
        "le_cd": 12.001913032387844,
        "lr_cd": 0.22198834926458755,
        "seld": 1.7103616879616617
      }
    },
    "0.18": {
      "macro": {
        "f1": 0.04691405025046148,
        "er": 4.461871892668774,
        "le_cd": 51.610111885301414,
        "lr_cd": 0.10861706321658002,
        "seld": 1.6482659057522406
      },
      "micro": {
        "f1": 0.094883251739683,
        "er": 4.089073412506839,
        "le_cd": 11.968615032877503,
        "lr_cd": 0.21432847349618617,
        "seld": 1.4615884982522946
      }
    },
    "0.22": {
      "macro": {
        "f1": 0.050421524363826964,
        "er": 2.669919540821036,
        "le_cd": 64.89087262784602,
        "lr_cd": 0.09589959924754385,
        "seld": 1.2210258162855356
      },
      "micro": {
        "f1": 0.11186501361938728,
        "er": 3.257301020243957,
        "le_cd": 11.929412850679125,
        "lr_cd": 0.20513662257410448,
        "seld": 1.2516434749718928
      }
    },
    "0.30": {
      "macro": {
        "f1": 0.05693914224195089,
        "er": 1.7758255513760692,
        "le_cd": 103.07184194286044,
        "lr_cd": 0.08462319718760444,
        "seld": 1.0517211390183792
      },
      "micro": {
        "f1": 0.1381630098020102,
        "er": 2.361745679250748,
        "le_cd": 11.919905637057326,
        "lr_cd": 0.1893083582762061,
        "seld": 1.0251240022890458
      }
    }
  }
}