{
  "spec": {
    "variant": "full",
    "seed": 1
  },
  "n_clips_eval": 78,
  "thresholds": {
    "0.10": {
      "macro": {
        "f1": 0.030176620059231177,
        "er": 29.06739130137226,
        "le_cd": 38.70198432741234,
        "lr_cd": 0.16789492503889242,
        "seld": 7.771082695078829
      },
      "micro": {
        "f1": 0.048604311590211176,
        "er": 7.8932251939107205,
        "le_cd": 12.527782913826272,
        "lr_cd": 0.20162209133919087,
        "seld": 2.428149396236755
      }
    },
    "0.15": {
      "macro": {
        "f1": 0.04746199342574345,
        "er": 6.19337011609433,
        "le_cd": 51.176320449346434,
        "lr_cd": 0.13363779419478844,
        "seld": 2.074145804964764
      },
      "micro": {
        "f1": 0.07703378276018787,
        "er": 4.549129413279264,
        "le_cd": 12.526667901638561,
        "lr_cd": 0.18984261851887613,
        "seld": 1.5879614028634368
      }
    },
    "0.18": {
      "macro": {
        "f1": 0.054164645503788446,
        "er": 3.964392474135638,
        "le_cd": 50.79942095182022,
        "lr_cd": 0.11522115868461939,
        "seld": 1.51930641880878
      },
      "micro": {
        "f1": 0.09122450027601965,
        "er": 3.6451868301631745,
        "le_cd": 12.519490966098752,
        "lr_cd": 0.18295516719770846,
        "seld": 1.3601399725697207
      }
    },
    "0.22": {
      "macro": {
        "f1": 0.05605186875523473,
        "er": 2.7125122849206984,
        "le_cd": 64.21230595748986,
        "lr_cd": 0.09141127645555464,
        "seld": 1.2304460432017688
      },
      "micro": {
        "f1": 0.10625533882432231,
        "er": 2.936358662418332,
        "le_cd": 12.617337823176241,
        "lr_cd": 0.17454861446364778,
        "seld": 1.1814127575925575
      }
    },
    "0.30": {
      "macro": {
        "f1": 0.05696731492560777,
        "er": 1.6629759363250507,
        "le_cd": 77.20137024845033,
        "lr_cd": 0.07437027022078074,
        "seld": 0.9901337131397354
      },
      "micro": {
        "f1": 0.12701842541795452,
        "er": 2.205265359981977,
        "le_cd": 12.689872770086096,
        "lr_cd": 0.1604325576904509,
        "seld": 0.9970784175101792
      }
    }
  }
}