{
  "spec": {
    "variant": "no_geom_l",
    "seed": 2,
    "suffix": "cap_l_mc8_inmem"
  },
  "n_clips_eval": 78,
  "thresholds": {
    "0.10": {
      "macro": {
        "f1": 0.03504821300508203,
        "er": 27.41292413902375,
        "le_cd": 26.430126257744753,
        "lr_cd": 0.18675386727745852,
        "seld": 7.334489023376614
      },
      "micro": {
        "f1": 0.05691780091241678,
        "er": 7.739010653020501,
        "le_cd": 12.024440176438963,
        "lr_cd": 0.2335360947507322,
        "seld": 2.3788398006955034
      }
    },
    "0.15": {
      "macro": {
        "f1": 0.05643607085948262,
        "er": 5.8429299685340785,
        "le_cd": 38.77557073389467,
        "lr_cd": 0.15944470307152445,
        "seld": 1.9606172580033994
      },
      "micro": {
        "f1": 0.09435569522446983,
        "er": 4.270271314087091,
        "le_cd": 11.956777591475378,
        "lr_cd": 0.22245180393292782,
        "seld": 1.504972589276139
      }
    },
    "0.18": {
      "macro": {
        "f1": 0.06575895672738187,
        "er": 3.582695687170336,
        "le_cd": 51.55370189641723,
        "lr_cd": 0.1401647970714045,
        "seld": 1.4157953470879114
      },
      "micro": {
        "f1": 0.11226055971385493,
        "er": 3.380489845836954,
        "le_cd": 11.897521010124049,
        "lr_cd": 0.21374271829036723,
        "seld": 1.2801459766944663
      }
    },
    "0.22": {
      "macro": {
        "f1": 0.0726677345717911,
        "er": 2.5180660135604405,
        "le_cd": 64.24206807485889,
        "lr_cd": 0.1164225663474452,
        "seld": 1.1714690227087161
      },
      "micro": {
        "f1": 0.12957749982380276,
        "er": 2.7028676257603554,
        "le_cd": 11.844647900024825,
        "lr_cd": 0.2011843841524251,
        "seld": 1.1094773353071774
      }
    },
    "0.30": {
      "macro": {
        "f1": 0.07485659935476266,
        "er": 1.7498129113868468,
        "le_cd": 90.43581328780144,
        "lr_cd": 0.09159828825343527,
        "seld": 1.0214448021777196
      },
      "micro": {
        "f1": 0.1509158562863406,
        "er": 2.0519519809468636,
        "le_cd": 11.738255425354353,
        "lr_cd": 0.18235653825110232,
        "seld": 0.9459730291375696
      }
    }
  }
}