{
  "spec": {
    "variant": "no_geom",
    "seed": 2
  },
  "n_clips_eval": 78,
  "thresholds": {
    "0.10": {
      "macro": {
        "f1": 0.011212839634447077,
        "er": 27.761649252299087,
        "le_cd": 77.59359744999274,
        "lr_cd": 0.050463682401761946,
        "seld": 7.532762067912932
      },
      "micro": {
        "f1": 0.021016021087157558,
        "er": 6.555257313893985,
        "le_cd": 13.494557644613948,
        "lr_cd": 0.07036143027260146,
        "seld": 2.1347124068066314
      }
    },
    "0.15": {
      "macro": {
        "f1": 0.008715208393211214,
        "er": 4.7823740016045795,
        "le_cd": 116.25556191372205,
        "lr_cd": 0.023532410197125687,
        "seld": 1.8489976539670634
      },
      "micro": {
        "f1": 0.02407110593035116,
        "er": 4.311287052235203,
        "le_cd": 13.89108236579237,
        "lr_cd": 0.0531685494512568,
        "seld": 1.5778050191658881
      }
    },
    "0.18": {
      "macro": {
        "f1": 0.007504099092294413,
        "er": 2.4930197648164505,
        "le_cd": 129.2985023451501,
        "lr_cd": 0.015223455282627375,
        "seld": 1.297154305867535
      },
      "micro": {
        "f1": 0.02024646763173978,
        "er": 3.4569019342795535,
        "le_cd": 15.026398859105656,
        "lr_cd": 0.035718193814167555,
        "seld": 1.3711043166238361
      }
    },
    "0.22": {
      "macro": {
        "f1": 0.004666676182283718,
        "er": 1.8345817972693264,
        "le_cd": 129.24558686048454,
        "lr_cd": 0.007307868340936593,
        "seld": 1.1351595727149772
      },
      "micro": {
        "f1": 0.013030203228578292,
        "er": 2.5655369959125873,
        "le_cd": 15.942307551734768,
        "lr_cd": 0.016935406005600076,
        "seld": 1.156034940491456
      }
    },
    "0.30": {
      "macro": {
        "f1": 0.0014194390166259942,
        "er": 1.3504744063727303,
        "le_cd": 142.4741670104725,
        "lr_cd": 0.002138566790073038,
        "seld": 1.034609887656053
      },
      "micro": {
        "f1": 0.005204237405745478,
        "er": 1.6610601525538284,
        "le_cd": 16.800842442337306,
        "lr_cd": 0.004344887515689871,
        "seld": 0.9362122603002334
      }
    }
  }
}