{
  "spec": {
    "variant": "seldnet_official",
    "seed": 2,
    "specaug": true
  },
  "n_clips_eval": 78,
  "thresholds": {
    "0.10": {
      "macro": {
        "f1": 0.007163567575056906,
        "er": 11.414440725470278,
        "le_cd": 103.39176677766157,
        "lr_cd": 0.02419704746961898,
        "seld": 3.4893697036864864
      },
      "micro": {
        "f1": 0.016909482158339963,
        "er": 7.042998294229346,
        "le_cd": 12.411051950717324,
        "lr_cd": 0.060570950403913616,
        "seld": 2.2586170375705468
      }
    },
    "0.15": {
      "macro": {
        "f1": 0.003818458046868705,
        "er": 1.9749686270141877,
        "le_cd": 129.59155158345138,
        "lr_cd": 0.010148164059321717,
        "seld": 1.1702387673151262
      },
      "micro": {
        "f1": 0.013996065970646088,
        "er": 3.187885809919217,
        "le_cd": 14.867284169344584,
        "lr_cd": 0.022625599433555407,
        "seld": 1.3084650419195105
      }
    },
    "0.18": {
      "macro": {
        "f1": 0.0029363440691852175,
        "er": 1.622464596568033,
        "le_cd": 142.2384569640203,
        "lr_cd": 0.008439273454287534,
        "seld": 1.1003256572111682
      },
      "micro": {
        "f1": 0.015277631724409428,
        "er": 2.3507643783592416,
        "le_cd": 14.91076924224349,
        "lr_cd": 0.01823565382511023,
        "seld": 1.1000221749277688
      }
    },
    "0.22": {
      "macro": {
        "f1": 0.0024992175452503537,
        "er": 1.426751474489347,
        "le_cd": 154.79537035956744,
        "lr_cd": 0.005057875187017077,
        "seld": 1.0697921653831135
      },
      "micro": {
        "f1": 0.010992135571902147,
        "er": 1.903092916224132,
        "le_cd": 16.041595391716893,
        "lr_cd": 0.010575778056708828,
        "seld": 0.992661244248487
      }
    },
    "0.30": {
      "macro": {
        "f1": 0.0009972040117183399,
        "er": 1.0771816221054442,
        "le_cd": 167.4091273713354,
        "lr_cd": 0.000983298047518231,
        "seld": 1.0013129569161845
      },
      "micro": {
        "f1": 0.002415710207242507,
        "er": 1.111106819864182,
        "le_cd": 16.318655827359912,
        "lr_cd": 0.0013453059122654565,
        "seld": 0.7995012506963906
      }
    }
  }
}