{
  "spec": {
    "variant": "full",
    "seed": 0
  },
  "n_clips_eval": 78,
  "thresholds": {
    "0.10": {
      "macro": {
        "f1": 0.016409922941101805,
        "er": 30.384859587993272,
        "le_cd": 51.33593946968005,
        "lr_cd": 0.061959724811169486,
        "seld": 8.147922400990362
      },
      "micro": {
        "f1": 0.038292035708579954,
        "er": 6.354632937465804,
        "le_cd": 12.038368782806888,
        "lr_cd": 0.12651025071610184,
        "seld": 2.064177619403068
      }
    },
    "0.15": {
      "macro": {
        "f1": 0.01739989531794632,
        "er": 3.3707493987835244,
        "le_cd": 115.86310079152037,
        "lr_cd": 0.05322247088703401,
        "seld": 1.485952731466192
      },
      "micro": {
        "f1": 0.052076793926563975,
        "er": 4.1793312091661035,
        "le_cd": 11.854741960358934,
        "lr_cd": 0.11480158347011683,
        "seld": 1.519578127331743
      }
    },
    "0.18": {
      "macro": {
        "f1": 0.020446461565517323,
        "er": 2.1927559941056023,
        "le_cd": 128.23861542544736,
        "lr_cd": 0.05040048400750211,
        "seld": 1.2085864502240449
      },
      "micro": {
        "f1": 0.0586186690455575,
        "er": 3.4642142190466996,
        "le_cd": 11.8025241461852,
        "lr_cd": 0.10785620031540664,
        "seld": 1.3408272320689134
      }
    },
    "0.22": {
      "macro": {
        "f1": 0.026553883275265627,
        "er": 1.7061802887552011,
        "le_cd": 128.20014908041904,
        "lr_cd": 0.046652182696510516,
        "seld": 1.0862993183075493
      },
      "micro": {
        "f1": 0.06767207957886644,
        "er": 2.7166747127546587,
        "le_cd": 11.714953578033253,
        "lr_cd": 0.09859354381899521,
        "seld": 1.1538730411975788
      }
    },
    "0.30": {
      "macro": {
        "f1": 0.03541339820745883,
        "er": 1.339269808228522,
        "le_cd": 128.1195574922217,
        "lr_cd": 0.04179889492117806,
        "seld": 0.9934582086252792
      },
      "micro": {
        "f1": 0.0843360440512912,
        "er": 1.8496347076051625,
        "le_cd": 11.503795094157962,
        "lr_cd": 0.08517910591870233,
        "seld": 0.9360073825951226
      }
    }
  }
}