{
  "spec": {
    "variant": "full",
    "seed": 1,
    "suffix": "mc8_inmem_specaug_weak"
  },
  "n_clips_eval": 78,
  "thresholds": {
    "0.10": {
      "macro": {
        "f1": 0.02661437611751932,
        "er": 37.41490046840434,
        "le_cd": 51.31894768574038,
        "lr_cd": 0.13349763393244782,
        "seld": 9.884973430818787
      },
      "micro": {
        "f1": 0.046790147637664925,
        "er": 8.802632679990989,
        "le_cd": 12.331369878846932,
        "lr_cd": 0.21604711789128125,
        "seld": 2.6520757562250203
      }
    },
    "0.15": {
      "macro": {
        "f1": 0.03454330820532657,
        "er": 6.063043991231941,
        "le_cd": 64.28351210816248,
        "lr_cd": 0.1016336529520377,
        "seld": 2.070999413224426
      },
      "micro": {
        "f1": 0.0687317679289707,
        "er": 5.369489234334266,
        "le_cd": 12.233478056065856,
        "lr_cd": 0.198146181326639,
        "seld": 1.7926437630142003
      }
    },
    "0.18": {
      "macro": {
        "f1": 0.03597460524575764,
        "er": 3.9831249862882854,
        "le_cd": 64.91886633197471,
        "lr_cd": 0.08903441151484849,
        "seld": 1.5546940845096624
      },
      "micro": {
        "f1": 0.08128989738338525,
        "er": 4.342866338386276,
        "le_cd": 12.229209734452477,
        "lr_cd": 0.19213414437900292,
        "seld": 1.5343455876760448
      }
    },
    "0.22": {
      "macro": {
        "f1": 0.03388531096379173,
        "er": 3.066221254121968,
        "le_cd": 90.22889137633322,
        "lr_cd": 0.08092206770435896,
        "seld": 1.3631713735528062
      },
      "micro": {
        "f1": 0.09495996417847549,
        "er": 3.5388111100382993,
        "le_cd": 12.233790141426667,
        "lr_cd": 0.185652215892633,
        "seld": 1.3315411076882238
      }
    },
    "0.30": {
      "macro": {
        "f1": 0.041852460727118665,
        "er": 2.051200188467582,
        "le_cd": 128.39538704146287,
        "lr_cd": 0.07622781066964669,
        "seld": 1.1616069057141805
      },
      "micro": {
        "f1": 0.11960364922083024,
        "er": 2.5965047793762674,
        "le_cd": 12.173040840749474,
        "lr_cd": 0.1763702487850407,
        "seld": 1.0920397215103068
      }
    }
  }
}