{
  "spec": {
    "variant": "no_geom_xs",
    "seed": 2,
    "suffix": "cap_xs_mc8_inmem"
  },
  "n_clips_eval": 78,
  "thresholds": {
    "0.10": {
      "macro": {
        "f1": 0.04260392119715253,
        "er": 10.275880481003899,
        "le_cd": 51.424643897845165,
        "lr_cd": 0.15575087107678426,
        "seld": 3.0908045387072756
      },
      "micro": {
        "f1": 0.07702991498025198,
        "er": 5.637784429210518,
        "le_cd": 11.844704077308903,
        "lr_cd": 0.2352611760162209,
        "seld": 1.8478243124386624
      }
    },
    "0.15": {
      "macro": {
        "f1": 0.06496010513968219,
        "er": 4.057887699452615,
        "le_cd": 51.55705732209152,
        "lr_cd": 0.1292665653674111,
        "seld": 1.537522281294841
      },
      "micro": {
        "f1": 0.11143278791642137,
        "er": 3.546232821602137,
        "le_cd": 11.788531352239909,
        "lr_cd": 0.2223616877474172,
        "seld": 1.319482546696019
      }
    },
    "0.18": {
      "macro": {
        "f1": 0.07089808956704186,
        "er": 2.7711623845958337,
        "le_cd": 51.13420329859897,
        "lr_cd": 0.11317432315055914,
        "seld": 1.2177922197731679
      },
      "micro": {
        "f1": 0.12781383203410007,
        "er": 2.9239612500402306,
        "le_cd": 11.76383050608391,
        "lr_cd": 0.21424479418106918,
        "seld": 1.1618143094369375
      }
    },
    "0.22": {
      "macro": {
        "f1": 0.07492996153486978,
        "er": 2.026873106093672,
        "le_cd": 64.22865442147643,
        "lr_cd": 0.10182253054588322,
        "seld": 1.0517366179775025
      },
      "micro": {
        "f1": 0.14363175416595242,
        "er": 2.4439252035660264,
        "le_cd": 11.745293055138944,
        "lr_cd": 0.20494995333268964,
        "seld": 1.0401487810378724
      }
    },
    "0.30": {
      "macro": {
        "f1": 0.07103325402251325,
        "er": 1.497520275007518,
        "le_cd": 102.85629682175856,
        "lr_cd": 0.08495901816898963,
        "seld": 0.9782379685120017
      },
      "micro": {
        "f1": 0.16440698048375904,
        "er": 1.9065752631070774,
        "le_cd": 11.703581940549132,
        "lr_cd": 0.18756396639953654,
        "seld": 0.9049060539733749
      }
    }
  }
}