{
  "conditions": [
    "RT60=0.0,SNR=10",
    "RT60=0.3,SNR=10",
    "RT60=0.6,SNR=10",
    "RT60=0.0,SNR=20",
    "RT60=0.0,SNR=0",
    "RT60=0.0,SNR=-10"
  ],
  "w6_seeds": [
    0,
    1,
    2
  ],
  "w9_seeds": [
    0,
    1,
    2
  ],
  "w6_matrix": [
    [
      0.2998363341342605,
      0.2534140685425669,
      0.2946504247903602,
      0.3063293985167488,
      0.3536635628748719,
      0.5086976784353844
    ],
    [
      0.33211453419822534,
      0.29934393853100494,
      0.41622729353076027,
      0.2564473341052659,
      0.38758851130705935,
      0.5658395666742522
    ],
    [
      0.4047582963682116,
      0.27355766179882,
      0.39259054637623214,
      0.2932948876125908,
      0.4195068583298529,
      0.6340063733423392
    ]
  ],
  "w9_matrix": [
    [
      0.2921406815985876,
      0.3262890349635772,
      0.2907336039467963,
      0.26642996419997134,
      0.40563540948702614,
      0.5993778164060067
    ],
    [
      0.2630220619983583,
      0.2294880628786091,
      0.3714864032367608,
      0.28903170483577584,
      0.36909188815248856,
      0.5755543989105545
    ],
    [
      0.4074615066114089,
      0.25362668302568236,
      0.29012296392725,
      0.3586845001472177,
      0.40665085781579735,
      0.5862565536172981
    ]
  ],
  "overall_w6": 0.3717704038593782,
  "overall_w9": 0.3656157830977315
}