{
  "spec": {
    "variant": "seldnet_official",
    "seed": 3,
    "suffix": "baseline_mc8_inmem_specaug"
  },
  "n_clips_eval": 78,
  "thresholds": {
    "0.10": {
      "macro": {
        "f1": 0.020376851621990006,
        "er": 2.6566412370488064,
        "le_cd": 115.39697844926938,
        "lr_cd": 0.03885319773883752,
        "seld": 1.3096263781015356
      },
      "micro": {
        "f1": 0.04996246776315301,
        "er": 3.291261948440668,
        "le_cd": 11.378762793673605,
        "lr_cd": 0.08654372244214863,
        "seld": 1.3044927767722772
      }
    },
    "0.15": {
      "macro": {
        "f1": 0.013416203709469426,
        "er": 1.2562297180366953,
        "le_cd": 140.9081096080865,
        "lr_cd": 0.01515472992782237,
        "seld": 1.00262040388886
      },
      "micro": {
        "f1": 0.03164466042529438,
        "er": 1.5186701425766793,
        "le_cd": 11.623863396145234,
        "lr_cd": 0.024814135367384377,
        "seld": 0.8816970914128686
      }
    },
    "0.18": {
      "macro": {
        "f1": 0.013932520138807405,
        "er": 1.1517401462740955,
        "le_cd": 140.80889932378454,
        "lr_cd": 0.013618399191832565,
        "seld": 0.9766152224633424
      },
      "micro": {
        "f1": 0.030482052409346115,
        "er": 1.3626983360690033,
        "le_cd": 11.934250803799115,
        "lr_cd": 0.02142190466994947,
        "seld": 0.8442739430860369
      }
    },
    "0.22": {
      "macro": {
        "f1": 0.013791194036155316,
        "er": 1.1077248408249143,
        "le_cd": 154.13896516324124,
        "lr_cd": 0.011796911561719857,
        "seld": 0.9846160798668171
      },
      "micro": {
        "f1": 0.028781414406619524,
        "er": 1.2572109040584467,
        "le_cd": 11.72973453936939,
        "lr_cd": 0.018628302919120723,
        "seld": 0.8187415946545231
      }
    },
    "0.30": {
      "macro": {
        "f1": 0.012167190482681623,
        "er": 1.0631523066125188,
        "le_cd": 154.15647890179272,
        "lr_cd": 0.009500550918570745,
        "seld": 0.9744773619997509
      },
      "micro": {
        "f1": 0.025934029412579277,
        "er": 1.1319429693283125,
        "le_cd": 11.790703755285502,
        "lr_cd": 0.015068713591451836,
        "seld": 0.7891110340189669
      }
    }
  }
}