{
  "spec": {
    "variant": "no_geom",
    "seed": 1
  },
  "n_clips_eval": 78,
  "thresholds": {
    "0.10": {
      "macro": {
        "f1": 0.03825784927940393,
        "er": 13.057846823525264,
        "le_cd": 24.99567446527652,
        "lr_cd": 0.17185985140852245,
        "seld": 3.7466484952444405
      },
      "micro": {
        "f1": 0.06479334485594568,
        "er": 6.485146921566734,
        "le_cd": 11.492552724457797,
        "lr_cd": 0.224653213607544,
        "seld": 2.0648869695597805
      }
    },
    "0.15": {
      "macro": {
        "f1": 0.05900230288811326,
        "er": 4.2494863141965595,
        "le_cd": 38.25363835722452,
        "lr_cd": 0.14471952560264764,
        "seld": 1.5645711747003725
      },
      "micro": {
        "f1": 0.09637198891896084,
        "er": 4.0124038492484955,
        "le_cd": 11.429577315065599,
        "lr_cd": 0.21396157188375012,
        "seld": 1.4413919850490373
      }
    },
    "0.18": {
      "macro": {
        "f1": 0.06682081201085885,
        "er": 2.9742819113328074,
        "le_cd": 50.93768494696954,
        "lr_cd": 0.13180656811441593,
        "seld": 1.2646604174504519
      },
      "micro": {
        "f1": 0.11045021883617155,
        "er": 3.345235106691127,
        "le_cd": 11.397290528470025,
        "lr_cd": 0.20767918637958224,
        "seld": 1.2726059955472737
      }
    },
    "0.22": {
      "macro": {
        "f1": 0.06574034538307633,
        "er": 2.200576872246782,
        "le_cd": 64.22615351460885,
        "lr_cd": 0.10690310035842335,
        "seld": 1.0961863476188327
      },
      "micro": {
        "f1": 0.12601083537867627,
        "er": 2.7528113031444112,
        "le_cd": 11.360748608308267,
        "lr_cd": 0.19844871423513888,
        "seld": 1.1228667558941883
      }
    },
    "0.30": {
      "macro": {
        "f1": 0.06818395295917848,
        "er": 1.6066415668091607,
        "le_cd": 102.53181268778809,
        "lr_cd": 0.0868387366259076,
        "seld": 1.0053100147057243
      },
      "micro": {
        "f1": 0.1509987663070583,
        "er": 2.0819671075922885,
        "le_cd": 11.275590998684823,
        "lr_cd": 0.18514370313153744,
        "seld": 0.9521167025921521
      }
    }
  }
}