{
  "spec": {
    "variant": "full",
    "seed": 4
  },
  "n_clips_eval": 78,
  "thresholds": {
    "0.10": {
      "macro": {
        "f1": 0.025768485410382694,
        "er": 11.22443123982477,
        "le_cd": 77.19190099040681,
        "lr_cd": 0.06051420472961254,
        "seld": 3.391748111018981
      },
      "micro": {
        "f1": 0.05234488467804419,
        "er": 4.141134820250394,
        "le_cd": 12.761121484880553,
        "lr_cd": 0.11437031315374464,
        "seld": 1.5113286854447632
      }
    },
    "0.15": {
      "macro": {
        "f1": 0.02629023144631398,
        "er": 2.3816161066443664,
        "le_cd": 89.82333304856004,
        "lr_cd": 0.0384539829181093,
        "seld": 1.2039726023040969
      },
      "micro": {
        "f1": 0.06397387434579682,
        "er": 2.553416368961411,
        "le_cd": 12.880385403162915,
        "lr_cd": 0.08725821505583985,
        "seld": 1.1184354940610033
      }
    },
    "0.18": {
      "macro": {
        "f1": 0.025416260783512667,
        "er": 1.7750376995743022,
        "le_cd": 116.0041272085987,
        "lr_cd": 0.03330465630953617,
        "seld": 1.0901960389655894
      },
      "micro": {
        "f1": 0.06596148449460555,
        "er": 2.1638634096102476,
        "le_cd": 12.930830342684358,
        "lr_cd": 0.0764056515722056,
        "seld": 1.0233335549729208
      }
    },
    "0.22": {
      "macro": {
        "f1": 0.025473457496474276,
        "er": 1.495806753371941,
        "le_cd": 116.27464414892641,
        "lr_cd": 0.029626906419023546,
        "seld": 1.021669158682064
      },
      "micro": {
        "f1": 0.06707002211634952,
        "er": 1.8490875736217052,
        "le_cd": 13.030667930886601,
        "lr_cd": 0.06646712368446461,
        "seld": 0.9469857568592319
      }
    },
    "0.30": {
      "macro": {
        "f1": 0.02720957091802582,
        "er": 1.2056523452457386,
        "le_cd": 128.79605980570977,
        "lr_cd": 0.025642767797346276,
        "seld": 0.9670834180294108
      },
      "micro": {
        "f1": 0.07116406905745462,
        "er": 1.4531106176177142,
        "le_cd": 13.17095129951758,
        "lr_cd": 0.055666055163979274,
        "seld": 0.8498631112650668
      }
    }
  }
}