{
  "spec": {
    "variant": "no_geom_l",
    "seed": 4,
    "suffix": "cap_l_mc8_inmem"
  },
  "n_clips_eval": 78,
  "thresholds": {
    "0.10": {
      "macro": {
        "f1": 0.037521008711885545,
        "er": 26.58220212131672,
        "le_cd": 25.46701984997113,
        "lr_cd": 0.2226658151138395,
        "seld": 7.115874685275487
      },
      "micro": {
        "f1": 0.06240242510541942,
        "er": 8.22243893019214,
        "le_cd": 11.961831267476013,
        "lr_cd": 0.27362492356216406,
        "seld": 2.4882165499193003
      }
    },
    "0.15": {
      "macro": {
        "f1": 0.06279580279551569,
        "er": 6.794790109347193,
        "le_cd": 38.51559383021874,
        "lr_cd": 0.18971760728557047,
        "seld": 2.189063055136275
      },
      "micro": {
        "f1": 0.1030802975998584,
        "er": 4.566695632583438,
        "le_cd": 11.936408568901228,
        "lr_cd": 0.262418332206881,
        "seld": 1.5668775959287597
      }
    },
    "0.18": {
      "macro": {
        "f1": 0.07874800654168326,
        "er": 4.368247786755552,
        "le_cd": 38.682602985140505,
        "lr_cd": 0.1698682557944918,
        "seld": 1.583633718584206
      },
      "micro": {
        "f1": 0.12577419925676872,
        "er": 3.561571883750121,
        "le_cd": 11.920999041314083,
        "lr_cd": 0.2562003154066493,
        "seld": 1.311456285384612
      }
    },
    "0.22": {
      "macro": {
        "f1": 0.08748359876606249,
        "er": 2.9563703077066594,
        "le_cd": 51.8393419193692,
        "lr_cd": 0.14503654382201128,
        "seld": 1.2529616272787703
      },
      "micro": {
        "f1": 0.1500405024252657,
        "er": 2.8029159022883072,
        "le_cd": 11.922179931981457,
        "lr_cd": 0.2473946767081845,
        "seld": 1.1179287640275775
      }
    },
    "0.30": {
      "macro": {
        "f1": 0.09137228090754271,
        "er": 1.8856967434423875,
        "le_cd": 90.16790137109007,
        "lr_cd": 0.11392102455923762,
        "seld": 1.045334055842638
      },
      "micro": {
        "f1": 0.18101447505038787,
        "er": 2.0715265038138457,
        "le_cd": 11.874608486887379,
        "lr_cd": 0.22892729554890412,
        "seld": 0.9318886950909819
      }
    }
  }
}