{
  "spec": {
    "variant": "seldnet_official",
    "seed": 4,
    "suffix": "baseline_mc8_inmem_specaug"
  },
  "n_clips_eval": 78,
  "thresholds": {
    "0.10": {
      "macro": {
        "f1": 0.019160555171049767,
        "er": 5.95113912020559,
        "le_cd": 115.46213427545578,
        "lr_cd": 0.0436617887994564,
        "seld": 2.132443269441348
      },
      "micro": {
        "f1": 0.04901552442256721,
        "er": 3.8799652408998746,
        "le_cd": 12.392474217367775,
        "lr_cd": 0.09999034469440958,
        "seld": 1.4499516126920684
      }
    },
    "0.15": {
      "macro": {
        "f1": 0.020847437705403832,
        "er": 2.194369322957488,
        "le_cd": 128.5579152493916,
        "lr_cd": 0.037129975691826536,
        "seld": 1.2126506374586639
      },
      "micro": {
        "f1": 0.05637087504789193,
        "er": 2.917035177496701,
        "le_cd": 12.669065108586397,
        "lr_cd": 0.08712947764796755,
        "seld": 1.2109796299621358
      }
    },
    "0.18": {
      "macro": {
        "f1": 0.022532431672142177,
        "er": 1.595117249513307,
        "le_cd": 128.6348939770997,
        "lr_cd": 0.03402757224376172,
        "seld": 1.0632988863675448
      },
      "micro": {
        "f1": 0.0641078734196581,
        "er": 2.2838466737472243,
        "le_cd": 12.685035064101587,
        "lr_cd": 0.07822084902320492,
        "seld": 1.0529975920817871
      }
    },
    "0.22": {
      "macro": {
        "f1": 0.019383161079610408,
        "er": 1.3466205457689626,
        "le_cd": 128.55080601013995,
        "lr_cd": 0.0239756113607608,
        "seld": 1.0043582294573423
      },
      "micro": {
        "f1": 0.051050476445601005,
        "er": 1.7557658266550804,
        "le_cd": 12.46764832431056,
        "lr_cd": 0.0472273180779505,
        "seld": 0.9316881862610913
      }
    },
    "0.30": {
      "macro": {
        "f1": 0.011215339230204983,
        "er": 1.1684915241783584,
        "le_cd": 141.943496361919,
        "lr_cd": 0.013323927402576423,
        "seld": 0.983131809333504
      },
      "micro": {
        "f1": 0.028853411566999446,
        "er": 1.3168098870329246,
        "le_cd": 15.861044383665002,
        "lr_cd": 0.019561649126194843,
        "seld": 0.8391279348955784
      }
    }
  }
}