{
  "spec": {
    "variant": "no_geom_xs",
    "seed": 3,
    "suffix": "cap_xs_mc8_inmem"
  },
  "n_clips_eval": 78,
  "thresholds": {
    "0.10": {
      "macro": {
        "f1": 0.03539311476643139,
        "er": 10.275607216233114,
        "le_cd": 38.20448078152035,
        "lr_cd": 0.12096197982599236,
        "seld": 3.0828748092733953
      },
      "micro": {
        "f1": 0.0621639631010141,
        "er": 5.798036754529948,
        "le_cd": 12.535809266857546,
        "lr_cd": 0.1921598918605774,
        "seld": 1.9033390710960578
      }
    },
    "0.15": {
      "macro": {
        "f1": 0.04975612229548299,
        "er": 3.332963391625797,
        "le_cd": 64.46465643039213,
        "lr_cd": 0.0936321967113502,
        "seld": 1.3869280131969521
      },
      "micro": {
        "f1": 0.08749146022634936,
        "er": 3.722744681535837,
        "le_cd": 12.470799519156746,
        "lr_cd": 0.17846866853335908,
        "seld": 1.38151669308175
      }
    },
    "0.18": {
      "macro": {
        "f1": 0.0471768107848652,
        "er": 2.5266546402743986,
        "le_cd": 64.44990287825512,
        "lr_cd": 0.08057351785315364,
        "seld": 1.1892398319066715
      },
      "micro": {
        "f1": 0.09756985361029048,
        "er": 3.159763123169515,
        "le_cd": 12.446270786935349,
        "lr_cd": 0.17081522963535128,
        "seld": 1.240130997185045
      }
    },
    "0.22": {
      "macro": {
        "f1": 0.045409699885301864,
        "er": 2.044207756929376,
        "le_cd": 64.82472291002571,
        "lr_cd": 0.07054425521212944,
        "seld": 1.072097787833022
      },
      "micro": {
        "f1": 0.10821681999064173,
        "er": 2.674390911139004,
        "le_cd": 12.447027035017966,
        "lr_cd": 0.16226706575263108,
        "seld": 1.1182642938975689
      }
    },
    "0.30": {
      "macro": {
        "f1": 0.04525322539001851,
        "er": 1.5624453003543846,
        "le_cd": 102.88606449277223,
        "lr_cd": 0.061044452870161234,
        "seld": 1.0069342173190683
      },
      "micro": {
        "f1": 0.12210327814219643,
        "er": 2.0856425605870426,
        "le_cd": 12.467803163876019,
        "lr_cd": 0.14504200057931835,
        "seld": 0.971940713749543
      }
    }
  }
}