{
  "spec": {
    "variant": "seldnet_official",
    "seed": 1,
    "specaug": false
  },
  "n_clips_eval": 78,
  "thresholds": {
    "0.10": {
      "macro": {
        "f1": 0.05222783471958893,
        "er": 2.6754248699766587,
        "le_cd": 77.57736533875081,
        "lr_cd": 0.10952984195461621,
        "seld": 1.2361631390738783
      },
      "micro": {
        "f1": 0.09978799709183331,
        "er": 3.7937369251070128,
        "le_cd": 11.897146747627387,
        "lr_cd": 0.21026680827781533,
        "seld": 1.3874443448616012
      }
    },
    "0.15": {
      "macro": {
        "f1": 0.04642064370207713,
        "er": 1.747228374596182,
        "le_cd": 115.72682207913651,
        "lr_cd": 0.0834738618711093,
        "seld": 1.065065164587883
      },
      "micro": {
        "f1": 0.12862025316455697,
        "er": 2.658646326156223,
        "le_cd": 11.859582817825595,
        "lr_cd": 0.1962151202085546,
        "seld": 1.0999243809983135
      }
    },
    "0.18": {
      "macro": {
        "f1": 0.04982599624508985,
        "er": 1.5607113092870992,
        "le_cd": 128.29201060016157,
        "lr_cd": 0.08077870521033746,
        "seld": 1.0357100000136978
      },
      "micro": {
        "f1": 0.1417046500181892,
        "er": 2.323587911557401,
        "le_cd": 11.846699741303642,
        "lr_cd": 0.1918123008593222,
        "seld": 1.0139714898106718
      }
    },
    "0.22": {
      "macro": {
        "f1": 0.05426697084504138,
        "er": 1.4385273859158447,
        "le_cd": 128.2799857330762,
        "lr_cd": 0.07873666546221274,
        "seld": 1.0045475842536424
      },
      "micro": {
        "f1": 0.15309943068979212,
        "er": 2.058717131730553,
        "le_cd": 11.804474847748116,
        "lr_cd": 0.1860834862090052,
        "seld": 0.9462786576631447
      }
    },
    "0.30": {
      "macro": {
        "f1": 0.059366284230849505,
        "er": 1.3137460776765715,
        "le_cd": 128.25560837714173,
        "lr_cd": 0.07467671123312689,
        "seld": 0.9730585599658456
      },
      "micro": {
        "f1": 0.1665323186224779,
        "er": 1.7503974767468058,
        "le_cd": 11.7245016181068,
        "lr_cd": 0.1748704579833285,
        "seld": 0.8685327050603983
      }
    }
  }
}