{
  "per_cell": {
    "110_gca_full": {
      "n_seeds": 5,
      "mae_per_seed": {
        "0": 30.527275164302228,
        "1": 30.36973447903161,
        "2": 29.862023809237883,
        "3": 30.717073982576572,
        "4": 30.112061760326007
      },
      "mae_mean": 30.31763383909486,
      "mae_std": 0.3376598765832396
    },
    "111_gca_nogeom": {
      "n_seeds": 5,
      "mae_per_seed": {
        "0": 30.431294241705018,
        "1": 30.875256253332104,
        "2": 30.099177307842922,
        "3": 29.83839453032217,
        "4": 30.727967791547872
      },
      "mae_mean": 30.39441802495002,
      "mae_std": 0.430159828334
    },
    "112_no_gca": {
      "n_seeds": 5,
      "mae_per_seed": {
        "0": 30.448551805559458,
        "1": 30.621222028781556,
        "2": 30.481709438446234,
        "3": 30.70766964612352,
        "4": 30.487887682743455
      },
      "mae_mean": 30.549408120330845,
      "mae_std": 0.11039001312654546
    },
    "113_vanilla_se": {
      "n_seeds": 5,
      "mae_per_seed": {
        "0": 30.58811248595337,
        "1": 30.766259947371612,
        "2": 30.7393852303526,
        "3": 30.35546218596332,
        "4": 30.471557129709083
      },
      "mae_mean": 30.584155395869992,
      "mae_std": 0.1748234692145855
    }
  },
  "contrasts": {
    "110_gca_full__vs__112_no_gca": {
      "description": "GCA full vs no-GCA (multi-src probing)",
      "n": 5,
      "a_per_seed": [
        30.527275164302228,
        30.36973447903161,
        29.862023809237883,
        30.717073982576572,
        30.112061760326007
      ],
      "b_per_seed": [
        30.448551805559458,
        30.621222028781556,
        30.481709438446234,
        30.70766964612352,
        30.487887682743455
      ],
      "delta_per_seed": [
        0.0787233587427707,
        -0.251487549749946,
        -0.6196856292083517,
        0.009404336453052053,
        -0.37582592241744806
      ],
      "delta_mean": -0.2317742812359846,
      "delta_std": 0.2855654969665833,
      "ttest_rel": {
        "t": -1.8148657796024372,
        "p": 0.1437320135174554
      },
      "wilcoxon": {
        "w": 3.0,
        "p": 0.3125
      },
      "cohens_dz": -0.81163265064584
    },
    "110_gca_full__vs__111_gca_nogeom": {
      "description": "GCA full vs no_geom (multi-src probing)",
      "n": 5,
      "a_per_seed": [
        30.527275164302228,
        30.36973447903161,
        29.862023809237883,
        30.717073982576572,
        30.112061760326007
      ],
      "b_per_seed": [
        30.431294241705018,
        30.875256253332104,
        30.099177307842922,
        29.83839453032217,
        30.727967791547872
      ],
      "delta_per_seed": [
        0.09598092259721014,
        -0.5055217743004938,
        -0.2371534986050392,
        0.8786794522544028,
        -0.6159060312218649
      ],
      "delta_mean": -0.076784185855157,
      "delta_std": 0.6006132588483023,
      "ttest_rel": {
        "t": -0.2858655826185716,
        "p": 0.7891742981988619
      },
      "wilcoxon": {
        "w": 6.0,
        "p": 0.8125
      },
      "cohens_dz": -0.1278429750325417
    },
    "111_gca_nogeom__vs__112_no_gca": {
      "description": "no_geom GCA vs no-GCA (multi-src probing)",
      "n": 5,
      "a_per_seed": [
        30.431294241705018,
        30.875256253332104,
        30.099177307842922,
        29.83839453032217,
        30.727967791547872
      ],
      "b_per_seed": [
        30.448551805559458,
        30.621222028781556,
        30.481709438446234,
        30.70766964612352,
        30.487887682743455
      ],
      "delta_per_seed": [
        -0.01725756385443944,
        0.2540342245505478,
        -0.3825321306033125,
        -0.8692751158013508,
        0.24008010880441688
      ],
      "delta_mean": -0.15499009538082759,
      "delta_std": 0.4754813558283069,
      "ttest_rel": {
        "t": -0.7288790293511532,
        "p": 0.5064585917083181
      },
      "wilcoxon": {
        "w": 5.0,
        "p": 0.625
      },
      "cohens_dz": -0.3259646114006486
    },
    "113_vanilla_se__vs__112_no_gca": {
      "description": "Vanilla SE vs no-GCA (multi-src probing)",
      "n": 5,
      "a_per_seed": [
        30.58811248595337,
        30.766259947371612,
        30.7393852303526,
        30.35546218596332,
        30.471557129709083
      ],
      "b_per_seed": [
        30.448551805559458,
        30.621222028781556,
        30.481709438446234,
        30.70766964612352,
        30.487887682743455
      ],
      "delta_per_seed": [
        0.13956068039391312,
        0.14503791859005588,
        0.25767579190636525,
        -0.35220746016020144,
        -0.01633055303437203
      ],
      "delta_mean": 0.034747275539152155,
      "delta_std": 0.23727089541463972,
      "ttest_rel": {
        "t": 0.3274622873685414,
        "p": 0.7597397657291187
      },
      "wilcoxon": {
        "w": 6.0,
        "p": 0.8125
      },
      "cohens_dz": 0.14644558692472584
    },
    "113_vanilla_se__vs__111_gca_nogeom": {
      "description": "Vanilla SE vs GCA no_geom (multi-src probing)",
      "n": 5,
      "a_per_seed": [
        30.58811248595337,
        30.766259947371612,
        30.7393852303526,
        30.35546218596332,
        30.471557129709083
      ],
      "b_per_seed": [
        30.431294241705018,
        30.875256253332104,
        30.099177307842922,
        29.83839453032217,
        30.727967791547872
      ],
      "delta_per_seed": [
        0.15681824424835256,
        -0.10899630596049192,
        0.6402079225096777,
        0.5170676556411493,
        -0.2564106618387889
      ],
      "delta_mean": 0.18973737091997975,
      "delta_std": 0.38711832134472685,
      "ttest_rel": {
        "t": 1.095958614863284,
        "p": 0.3346524702687717
      },
      "wilcoxon": {
        "w": 4.0,
        "p": 0.4375
      },
      "cohens_dz": 0.4901275926721629
    },
    "110_gca_full__vs__113_vanilla_se": {
      "description": "GCA full vs Vanilla SE (multi-src probing)",
      "n": 5,
      "a_per_seed": [
        30.527275164302228,
        30.36973447903161,
        29.862023809237883,
        30.717073982576572,
        30.112061760326007
      ],
      "b_per_seed": [
        30.58811248595337,
        30.766259947371612,
        30.7393852303526,
        30.35546218596332,
        30.471557129709083
      ],
      "delta_per_seed": [
        -0.06083732165114242,
        -0.3965254683400019,
        -0.8773614211147169,
        0.3616117966132535,
        -0.359495369383076
      ],
      "delta_mean": -0.2665215567751368,
      "delta_std": 0.4570361038629511,
      "ttest_rel": {
        "t": -1.3039677027287602,
        "p": 0.26222136893650666
      },
      "wilcoxon": {
        "w": 3.0,
        "p": 0.3125
      },
      "cohens_dz": -0.5831520847531492
    }
  },
  "per_ckpt": {
    "110_seed0": {
      "mae_per_fold": [
        31.668259560907476,
        31.316214127012877,
        28.934798335808402,
        30.33149860670405,
        30.38560519107833
      ],
      "mae_mean": 30.527275164302228,
      "mae_std": 1.0628559840457694,
      "n_frames_total": 115917,
      "n_frames_two_src": 27492
    },
    "110_seed1": {
      "mae_per_fold": [
        31.325486286909587,
        31.037963422072597,
        29.40154830706461,
        30.102767380007588,
        29.98090699910365
      ],
      "mae_mean": 30.36973447903161,
      "mae_std": 0.7936992729107549,
      "n_frames_total": 115917,
      "n_frames_two_src": 27492
    },
    "110_seed2": {
      "mae_per_fold": [
        30.263855803302473,
        30.64091319524504,
        29.480948763329046,
        29.7968356749452,
        29.12756560936766
      ],
      "mae_mean": 29.862023809237883,
      "mae_std": 0.6035383496332528,
      "n_frames_total": 115917,
      "n_frames_two_src": 27492
    },