{
  "seeds": [
    0,
    1,
    2,
    3,
    4
  ],
  "threshold": 0.18,
  "bonferroni": {
    "within_metric_alpha": 0.0038461538461538464,
    "global_alpha": 0.0009615384615384616,
    "n_classes_active": 13,
    "n_metrics": 4
  },
  "classes": [
    {
      "class_id": 0,
      "class_name": "Female speech, woman speaking",
      "mean_n_ref": 27097.0,
      "f1_no_geom_mean": 0.12180791265752997,
      "f1_full_mean": 0.11652150641056425,
      "f1_paired": {
        "mean_delta": -0.005286406246965719,
        "std_delta": 0.05847354868973345,
        "t": -0.2021557437469214,
        "p": 0.8496603518071212,
        "wilcoxon_W": 5.0,
        "wilcoxon_p": 0.625
      },
      "er_cd_no_geom_mean": 4.239170387865815,
      "er_cd_full_mean": 4.324744436653504,
      "er_cd_paired": {
        "mean_delta": 0.08557404878768882,
        "std_delta": 0.19772571908631725,
        "t": 0.967751646489762,
        "p": 0.3879701586907331,
        "wilcoxon_W": 6.0,
        "wilcoxon_p": 0.8125
      },
      "le_cd_no_geom_mean": 11.789125817332138,
      "le_cd_full_mean": 12.006434577792737,
      "le_cd_paired": {
        "mean_delta": 0.2173087604605989,
        "std_delta": 1.7243797312497404,
        "t": 0.28179243335454324,
        "p": 0.7920806094366636,
        "wilcoxon_W": 7.0,
        "wilcoxon_p": 1.0
      },
      "lr_cd_no_geom_mean": 0.2935527918219729,
      "lr_cd_full_mean": 0.2868730855814297,
      "lr_cd_paired": {
        "mean_delta": -0.0066797062405432265,
        "std_delta": 0.1481358474232073,
        "t": -0.10082824301745796,
        "p": 0.924538556105817,
        "wilcoxon_W": 5.0,
        "wilcoxon_p": 0.625
      }
    },
    {
      "class_id": 1,
      "class_name": "Male speech, man speaking",
      "mean_n_ref": 39830.0,
      "f1_no_geom_mean": 0.12520982250765908,
      "f1_full_mean": 0.12845750354022029,
      "f1_paired": {
        "mean_delta": 0.0032476810325612364,
        "std_delta": 0.03203658911659312,
        "t": 0.22667942369315197,
        "p": 0.8317861547452761,
        "wilcoxon_W": 7.0,
        "wilcoxon_p": 1.0
      },
      "er_cd_no_geom_mean": 3.319663570173236,
      "er_cd_full_mean": 3.3115942756716046,
      "er_cd_paired": {
        "mean_delta": -0.00806929450163194,
        "std_delta": 0.21337521628602826,
        "t": -0.0845622624322363,
        "p": 0.9366726083231592,
        "wilcoxon_W": 6.0,
        "wilcoxon_p": 0.8125
      },
      "le_cd_no_geom_mean": 12.170576442125626,
      "le_cd_full_mean": 11.33837513706367,
      "le_cd_paired": {
        "mean_delta": -0.832201305061956,
        "std_delta": 0.49528318014293093,
        "t": -3.7571610821622468,
        "p": 0.019823588941054578,
        "wilcoxon_W": 0.0,
        "wilcoxon_p": 0.0625
      },
      "lr_cd_no_geom_mean": 0.23654531759979913,
      "lr_cd_full_mean": 0.24366557870951544,
      "lr_cd_paired": {
        "mean_delta": 0.007120261109716297,
        "std_delta": 0.054966718390808564,
        "t": 0.28965505536776004,
        "p": 0.7864741170816982,
        "wilcoxon_W": 7.0,
        "wilcoxon_p": 1.0
      }
    },
    {
      "class_id": 2,
      "class_name": "Clapping",
      "mean_n_ref": 705.0,
      "f1_no_geom_mean": 0.0,
      "f1_full_mean": 0.0,
      "f1_paired": {
        "mean_delta": 0.0,
        "std_delta": 0.0,
        "t": NaN,
        "p": NaN,
        "wilcoxon_W": NaN,
        "wilcoxon_p": NaN
      },
      "er_cd_no_geom_mean": 1.0329078014184396,
      "er_cd_full_mean": 1.0099290780141845,
      "er_cd_paired": {
        "mean_delta": -0.02297872340425533,
        "std_delta": 0.06843438776890143,
        "t": -0.7508211769438778,
        "p": 0.4945163410328954,
        "wilcoxon_W": 4.0,
        "wilcoxon_p": 0.875
      },
      "le_cd_no_geom_mean": 180.0,
      "le_cd_full_mean": 180.0,
      "le_cd_paired": {
        "mean_delta": 0.0,
        "std_delta": 0.0,
        "t": NaN,
        "p": NaN,
        "wilcoxon_W": NaN,
        "wilcoxon_p": NaN
      },
      "lr_cd_no_geom_mean": 0.0,
      "lr_cd_full_mean": 0.0,
      "lr_cd_paired": {
        "mean_delta": 0.0,
        "std_delta": 0.0,
        "t": NaN,
        "p": NaN,
        "wilcoxon_W": NaN,
        "wilcoxon_p": NaN
      }
    },
    {
      "class_id": 3,
      "class_name": "Telephone",
      "mean_n_ref": 898.0,
      "f1_no_geom_mean": 0.03020443862259895,
      "f1_full_mean": 0.01802533554828032,
      "f1_paired": {
        "mean_delta": -0.012179103074318626,
        "std_delta": 0.03265995846136338,
        "t": -0.8338437543137119,
        "p": 0.4512683103969076,
        "wilcoxon_W": 4.0,
        "wilcoxon_p": 0.4375
      },
      "er_cd_no_geom_mean": 7.297772828507794,
      "er_cd_full_mean": 7.458129175946548,
      "er_cd_paired": {
        "mean_delta": 0.1603563474387526,
        "std_delta": 5.920426925307152,
        "t": 0.060564499489709114,
        "p": 0.9546113035762412,
        "wilcoxon_W": 7.0,
        "wilcoxon_p": 1.0
      },
      "le_cd_no_geom_mean": 14.424306751500378,
      "le_cd_full_mean": 45.822154352792865,
      "le_cd_paired": {
        "mean_delta": 31.397847601292483,
        "std_delta": 74.58482513723483,
        "t": 0.9413137518856908,
        "p": 0.39984117187116,
        "wilcoxon_W": 7.0,
        "wilcoxon_p": 1.0
      },
      "lr_cd_no_geom_mean": 0.11224944320712693,
      "lr_cd_full_mean": 0.07639198218262806,
      "lr_cd_paired": {
        "mean_delta": -0.035857461024498896,
        "std_delta": 0.09239541124582766,
        "t": -0.8677889872474537,
        "p": 0.43447089189247645,
        "wilcoxon_W": 4.0,
        "wilcoxon_p": 0.4375
      }
    },
    {
      "class_id": 4,
      "class_name": "Laughter",
      "mean_n_ref": 4029.0,
      "f1_no_geom_mean": 0.022626703371875445,
      "f1_full_mean": 0.012550946132732577,
      "f1_paired": {
        "mean_delta": -0.010075757239142866,
        "std_delta": 0.017169314326666,
        "t": -1.3122293460791934,
        "p": 0.25967761367589387,
        "wilcoxon_W": 3.0,
        "wilcoxon_p": 0.3125
      },
      "er_cd_no_geom_mean": 1.483296103251427,
      "er_cd_full_mean": 1.6579796475552246,
      "er_cd_paired": {
        "mean_delta": 0.17468354430379757,
        "std_delta": 0.3850464672663691,
        "t": 1.0144341341110752,
        "p": 0.3677486672594692,
        "wilcoxon_W": 5.0,
        "wilcoxon_p": 0.625
      },
      "le_cd_no_geom_mean": 15.20221618788909,
      "le_cd_full_mean": 15.430817819331697,
      "le_cd_paired": {
        "mean_delta": 0.22860163144260426,
        "std_delta": 2.607803354593577,
        "t": 0.19601508172485707,
        "p": 0.8541537026896084,
        "wilcoxon_W": 7.0,
        "wilcoxon_p": 1.0
      },
      "lr_cd_no_geom_mean": 0.01742367833209233,
      "lr_cd_full_mean": 0.010970464135021096,
      "lr_cd_paired": {
        "mean_delta": -0.006453214197071233,
        "std_delta": 0.014640676784780003,
        "t": -0.9855982636689858,
        "p": 0.38012859984114195,
        "wilcoxon_W": 4.0,
        "wilcoxon_p": 0.4375
      }
    },
    {
      "class_id": 5,
      "class_name": "Domestic sounds",
      "mean_n_ref": 16350.0,
      "f1_no_geom_mean": 0.1269204413694857,
      "f1_full_mean": 0.1468542930373001,
      "f1_paired": {
        "mean_delta": 0.019933851667814396,
        "std_delta": 0.03887232206518768,
        "t": 1.1466628442695614,
        "p": 0.3154494054109767,
        "wilcoxon_W": 4.0,
        "wilcoxon_p": 0.4375
      },
      "er_cd_no_geom_mean": 3.737235474006116,
      "er_cd_full_mean": 3.6197431192660554,
      "er_cd_paired": {
        "mean_delta": -0.11749235474006108,
        "std_delta": 0.777683896870227,
        "t": -0.337824780855835,
        "p": 0.752480429893944,
        "wilcoxon_W": 6.0,
        "wilcoxon_p": 0.8125
      },
      "le_cd_no_geom_mean": 11.830205352742365,
      "le_cd_full_mean": 13.073342585515807,