{
  "n_clips": 54,
  "inference_s": 12.557163000106812,
  "thresholds": {
    "0.10": {
      "macro": {
        "f1": 0.04154872965044439,
        "er": 10.499672422203982,
        "le_cd": 51.411039513211115,
        "lr_cd": 0.12218881950715457,
        "seld": 3.1553879398077225
      },
      "micro": {
        "f1": 0.07188594859120814,
        "er": 5.090634266569107,
        "le_cd": 12.503481414540586,
        "lr_cd": 0.19714445257442137,
        "seld": 1.7227669127599534
      }
    },
    "0.15": {
      "macro": {
        "f1": 0.06132526030835143,
        "er": 2.404760387874437,
        "le_cd": 64.68753916306285,
        "lr_cd": 0.09896994972387273,
        "seld": 1.150960098853696
      },
      "micro": {
        "f1": 0.10113093450904166,
        "er": 3.285785805060269,
        "le_cd": 12.480644050145392,
        "lr_cd": 0.1848403743212539,
        "seld": 1.2672878519049178
      }
    },
    "0.18": {
      "macro": {
        "f1": 0.062262689483883756,
        "er": 1.8747808034454252,
        "le_cd": 89.92420302068666,
        "lr_cd": 0.08543683933137698,
        "seld": 1.0566650450751613
      },
      "micro": {
        "f1": 0.11123043693362131,
        "er": 2.83648476913005,
        "le_cd": 12.44318636832909,
        "lr_cd": 0.17749451226556784,
        "seld": 1.154222158272061
      }
    },
    "0.22": {
      "macro": {
        "f1": 0.0648959159623414,
        "er": 1.6364702864450735,
        "le_cd": 89.89998122328394,
        "lr_cd": 0.07829271290741643,
        "seld": 0.9981814994261677
      },
      "micro": {
        "f1": 0.12164523115683104,
        "er": 2.463694304309316,
        "le_cd": 12.43867643737072,
        "lr_cd": 0.17060114761042863,
        "seld": 1.0601379208818622
      }
    },
    "0.30": {
      "macro": {
        "f1": 0.051899012231165706,
        "er": 1.421672105930934,
        "le_cd": 102.92900059016817,
        "lr_cd": 0.062155738724008675,
        "seld": 0.9698612840080623
      },
      "micro": {
        "f1": 0.1351215729209434,
        "er": 2.007827242269034,
        "le_cd": 12.549394610760514,
        "lr_cd": 0.15684330111295106,
        "seld": 0.9463953067959523
      }
    }
  },
  "variant": "full",
  "seed": 3,
  "suffix": "mc8_inmem",
  "testset": "starss22-test",
  "wall_s": 119.98699855804443
}