{
  "n_clips": 54,
  "inference_s": 13.373088121414185,
  "thresholds": {
    "0.10": {
      "macro": {
        "f1": 0.05302684598577722,
        "er": 3.4493010473514327,
        "le_cd": 76.51370588329414,
        "lr_cd": 0.10623785409064598,
        "seld": 1.428778122767772
      },
      "micro": {
        "f1": 0.10463795696614384,
        "er": 3.370046597604652,
        "le_cd": 12.515427385024317,
        "lr_cd": 0.19692301767628143,
        "seld": 1.2845039437753127
      }
    },
    "0.15": {
      "macro": {
        "f1": 0.04838881481774007,
        "er": 1.936017774273559,
        "le_cd": 88.89453087496037,
        "lr_cd": 0.07434188615268175,
        "seld": 1.076786394541007
      },
      "micro": {
        "f1": 0.1295101357685084,
        "er": 2.458630184464898,
        "le_cd": 12.497213661043961,
        "lr_cd": 0.18289559825932916,
        "seld": 1.0539133538051595
      }
    },
    "0.18": {
      "macro": {
        "f1": 0.046910468427057886,
        "er": 1.6322297740711136,
        "le_cd": 101.71339516827855,
        "lr_cd": 0.0680910986289296,
        "seld": 1.0205756561541683
      },
      "micro": {
        "f1": 0.1371765944645006,
        "er": 2.208976778218508,
        "le_cd": 12.535720031678427,
        "lr_cd": 0.17559787422497786,
        "seld": 0.9914612996484774
      }
    },
    "0.22": {
      "macro": {
        "f1": 0.04737275709805666,
        "er": 1.4480186732553335,
        "le_cd": 115.37232554097483,
        "lr_cd": 0.06349927928615248,
        "seld": 0.9945260002469128
      },
      "micro": {
        "f1": 0.14247354937928935,
        "er": 2.007750221434898,
        "le_cd": 12.590567123957372,
        "lr_cd": 0.16678861632071476,
        "seld": 0.9421089127169976
      }
    },
    "0.30": {
      "macro": {
        "f1": 0.048065675910984255,
        "er": 1.3235233245807538,
        "le_cd": 128.4506349193985,
        "lr_cd": 0.05772130624846797,
        "seld": 0.9828377452156012
      },
      "micro": {
        "f1": 0.14499611884743796,
        "er": 1.7603689297955096,
        "le_cd": 12.609517611389133,
        "lr_cd": 0.14926637655485808,
        "seld": 0.8840398275030106
      }
    }
  },
  "variant": "seldnet_official",
  "seed": 4,
  "suffix": "baseline_mc8_inmem",
  "testset": "starss22-test",
  "wall_s": 110.93113899230957
}