{
  "n_clips": 54,
  "inference_s": 13.259960651397705,
  "thresholds": {
    "0.10": {
      "macro": {
        "f1": 0.0458015180410108,
        "er": 9.440520809628806,
        "le_cd": 38.21873741486026,
        "lr_cd": 0.1718121736915482,
        "seld": 2.8588083592169236
      },
      "micro": {
        "f1": 0.07977195144315999,
        "er": 5.507316979242885,
        "le_cd": 12.043371424437748,
        "lr_cd": 0.23870682019486272,
        "seld": 1.8139364566573792
      }
    },
    "0.15": {
      "macro": {
        "f1": 0.06999146674439817,
        "er": 2.8218384855299687,
        "le_cd": 64.22134669778083,
        "lr_cd": 0.12579017788661584,
        "seld": 1.2457105250827676
      },
      "micro": {
        "f1": 0.11686620500292745,
        "er": 3.3690838371779566,
        "le_cd": 12.056999618268176,
        "lr_cd": 0.2229175491970578,
        "seld": 1.2740708535476428
      }
    },
    "0.18": {
      "macro": {
        "f1": 0.07932291381269573,
        "er": 2.0647836932386934,
        "le_cd": 64.17699614932233,
        "lr_cd": 0.11403270414901479,
        "seld": 1.0569917356933045
      },
      "micro": {
        "f1": 0.133063977065106,
        "er": 2.809479339161243,
        "le_cd": 12.011968193444735,
        "lr_cd": 0.21561019755843955,
        "seld": 1.1318845802919866
      }
    },
    "0.22": {
      "macro": {
        "f1": 0.0841084111318017,
        "er": 1.6725503569740847,
        "le_cd": 76.82535495275452,
        "lr_cd": 0.10323040294845018,
        "seld": 0.9780047676022839
      },
      "micro": {
        "f1": 0.1468609056777469,
        "er": 2.391159933762083,
        "le_cd": 11.96812562710424,
        "lr_cd": 0.20580929641468018,
        "seld": 1.0262448296217255
      }
    },
    "0.30": {
      "macro": {
        "f1": 0.08557215314731291,
        "er": 1.4071517486528242,
        "le_cd": 90.00539869894212,
        "lr_cd": 0.08907358147204815,
        "seld": 0.933134001701341
      },
      "micro": {
        "f1": 0.16056989621502119,
        "er": 1.9739958408749567,
        "le_cd": 11.875823388348316,
        "lr_cd": 0.18879731967497207,
        "seld": 0.9226513553967247
      }
    }
  },
  "variant": "no_geom",
  "seed": 4,
  "suffix": "mc8_inmem",
  "testset": "starss22-test",
  "wall_s": 122.45319724082947
}