{
  "n_clips": 54,
  "inference_s": 13.667288780212402,
  "thresholds": {
    "0.10": {
      "macro": {
        "f1": 0.03501257465318851,
        "er": 5.838046979216723,
        "le_cd": 52.256042308621076,
        "lr_cd": 0.08626723400384304,
        "seld": 2.0017696291796745
      },
      "micro": {
        "f1": 0.07448966465797885,
        "er": 4.502493549505141,
        "le_cd": 11.537284074339436,
        "lr_cd": 0.18119151230407826,
        "seld": 1.5777270987945757
      }
    },
    "0.15": {
      "macro": {
        "f1": 0.029343378307344268,
        "er": 1.8727690365876435,
        "le_cd": 115.44538008659993,
        "lr_cd": 0.05403378195846915,
        "seld": 1.1076887747562907
      },
      "micro": {
        "f1": 0.08952550400923265,
        "er": 2.9166249470481764,
        "le_cd": 11.193658052238062,
        "lr_cd": 0.143393537952016,
        "seld": 1.186473223566507
      }
    },
    "0.18": {
      "macro": {
        "f1": 0.03000569006747706,
        "er": 1.6436150959244964,
        "le_cd": 128.10912492859399,
        "lr_cd": 0.04609603165381466,
        "seld": 1.069807683729404
      },
      "micro": {
        "f1": 0.09430464903240582,
        "er": 2.436765895174645,
        "le_cd": 11.048976879983424,
        "lr_cd": 0.12686294142565563,
        "seld": 1.069245377401345
      }
    },
    "0.22": {
      "macro": {
        "f1": 0.032509479296726936,
        "er": 1.452222225522696,
        "le_cd": 128.01139636570525,
        "lr_cd": 0.04006959661652198,
        "seld": 1.0227043934658413
      },
      "micro": {
        "f1": 0.10036503461983139,
        "er": 2.00022143489814,
        "le_cd": 10.815408067943045,
        "lr_cd": 0.11157430584973235,
        "seld": 0.9620919237015094
      }
    },
    "0.30": {
      "macro": {
        "f1": 0.031474738674598275,
        "er": 1.2697759002019209,
        "le_cd": 127.85936373790341,
        "lr_cd": 0.02940281124208733,
        "seld": 0.9798070372072857
      },
      "micro": {
        "f1": 0.0942421218692339,
        "er": 1.564322024107521,
        "le_cd": 10.706819210622927,
        "lr_cd": 0.08138213886856395,
        "seld": 0.8620450230794071
      }
    }
  },
  "variant": "seldnet_official",
  "seed": 2,
  "suffix": "baseline_mc8_inmem",
  "testset": "starss22-test",
  "wall_s": 104.17079520225525
}