{
  "n_clips": 54,
  "inference_s": 13.455034732818604,
  "thresholds": {
    "0.10": {
      "macro": {
        "f1": 0.04201575815784371,
        "er": 11.811960121628092,
        "le_cd": 38.26995890008074,
        "lr_cd": 0.1562505675473766,
        "seld": 3.456576169675275
      },
      "micro": {
        "f1": 0.07635050789769295,
        "er": 5.549322216659607,
        "le_cd": 11.635774237190963,
        "lr_cd": 0.22935841645165017,
        "seld": 1.8270641206292202
      }
    },
    "0.15": {
      "macro": {
        "f1": 0.06989293534741547,
        "er": 2.8474897591596675,
        "le_cd": 63.70879089977684,
        "lr_cd": 0.12843931670207978,
        "seld": 1.2507738085827886
      },
      "micro": {
        "f1": 0.11271842732327245,
        "er": 3.441560442099588,
        "le_cd": 11.602038684585574,
        "lr_cd": 0.21860438248546232,
        "seld": 1.2936733506901932
      }
    },
    "0.18": {
      "macro": {
        "f1": 0.0811315527580212,
        "er": 2.0561428863353886,
        "le_cd": 64.20831269724067,
        "lr_cd": 0.11560391364487711,
        "seld": 1.0540300670626235
      },
      "micro": {
        "f1": 0.1273411936857814,
        "er": 2.8937593869141605,
        "le_cd": 11.63631849131423,
        "lr_cd": 0.21113336157430584,
        "seld": 1.154982761373677
      }
    },
    "0.22": {
      "macro": {
        "f1": 0.07980142755234322,
        "er": 1.687318556709039,
        "le_cd": 64.34677267458777,
        "lr_cd": 0.09804591490199331,
        "seld": 0.9667383211672698
      },
      "micro": {
        "f1": 0.14204526095578163,
        "er": 2.424307775253206,
        "le_cd": 11.607368982404417,
        "lr_cd": 0.20068741094466053,
        "seld": 1.036515121647086
      }
    },
    "0.30": {
      "macro": {
        "f1": 0.061305437495158786,
        "er": 1.392638949247017,
        "le_cd": 102.53345649109909,
        "lr_cd": 0.0736236553709457,
        "seld": 0.956835042555088
      },
      "micro": {
        "f1": 0.16027379679144385,
        "er": 1.8897639311433743,
        "le_cd": 11.55195357223721,
        "lr_cd": 0.18034428312858627,
        "seld": 0.9033308427672767
      }
    }
  },
  "variant": "full",
  "seed": 4,
  "suffix": "mc8_inmem",
  "testset": "starss22-test",
  "wall_s": 123.50607395172119
}