{
  "n_clips": 54,
  "inference_s": 13.3020179271698,
  "thresholds": {
    "0.10": {
      "macro": {
        "f1": 0.047516412953313214,
        "er": 10.662362641844,
        "le_cd": 38.56455951042223,
        "lr_cd": 0.17781719701413545,
        "seld": 3.162819146178058
      },
      "micro": {
        "f1": 0.08493508410226908,
        "er": 5.849876766665383,
        "le_cd": 11.379924859491497,
        "lr_cd": 0.2714888127238418,
        "seld": 1.8891686686535563
      }
    },
    "0.15": {
      "macro": {
        "f1": 0.07025013213342159,
        "er": 3.3950069613815677,
        "le_cd": 64.15873752845893,
        "lr_cd": 0.14146765611891055,
        "seld": 1.3849316509607241
      },
      "micro": {
        "f1": 0.12202557797259372,
        "er": 3.6986367312357995,
        "le_cd": 11.362872410563103,
        "lr_cd": 0.2570281511148766,
        "seld": 1.3456775177739755
      }
    },
    "0.18": {
      "macro": {
        "f1": 0.07982736058116667,
        "er": 2.532284909425445,
        "le_cd": 64.22469315633278,
        "lr_cd": 0.13045346514257455,
        "seld": 1.1697019836425548
      },
      "micro": {
        "f1": 0.13928978809315976,
        "er": 3.0947548811953633,
        "le_cd": 11.339552097995597,
        "lr_cd": 0.25041398698347905,
        "seld": 1.192012154443564
      }
    },
    "0.22": {
      "macro": {
        "f1": 0.08485286903574298,
        "er": 1.924142743190334,
        "le_cd": 64.09065102576268,
        "lr_cd": 0.11806197127849027,
        "seld": 1.0193217688103622
      },
      "micro": {
        "f1": 0.15867611519484442,
        "er": 2.5740940424384795,
        "le_cd": 11.296183165654888,
        "lr_cd": 0.2427407863827165,
        "seld": 1.0588584285008615
      }
    },
    "0.30": {
      "macro": {
        "f1": 0.08533133404470791,
        "er": 1.4483817782349282,
        "le_cd": 90.15736339896353,
        "lr_cd": 0.10008025420807604,
        "seld": 0.9409611077718743
      },
      "micro": {
        "f1": 0.1798183950722769,
        "er": 2.033176724303924,
        "le_cd": 11.262778439557273,
        "lr_cd": 0.22287903877999,
        "seld": 0.9232625704456328
      }
    }
  },
  "variant": "full",
  "seed": 2,
  "suffix": "mc8_inmem",
  "testset": "starss22-test",
  "wall_s": 128.19397354125977
}