{
  "n_clips": 54,
  "inference_s": 11.399626016616821,
  "thresholds": {
    "0.10": {
      "macro": {
        "f1": 0.03535962351734002,
        "er": 2.9667380786250237,
        "le_cd": 64.68030951679995,
        "lr_cd": 0.07706394175112156,
        "seld": 1.3034123915569182
      },
      "micro": {
        "f1": 0.09827863197672058,
        "er": 3.6367408634035505,
        "le_cd": 12.254917980346812,
        "lr_cd": 0.19818423383525244,
        "seld": 1.3520902188150425
      }
    },
    "0.15": {
      "macro": {
        "f1": 0.04455593812309234,
        "er": 1.8688022425331996,
        "le_cd": 128.36480866966528,
        "lr_cd": 0.0714374514384475,
        "seld": 1.1164866697285611
      },
      "micro": {
        "f1": 0.13008778660789436,
        "er": 2.4776350752878655,
        "le_cd": 12.251305610638049,
        "lr_cd": 0.18525436130473294,
        "seld": 1.057588934080807
      }
    },
    "0.18": {
      "macro": {
        "f1": 0.04737590294243561,
        "er": 1.6436468196707659,
        "le_cd": 128.35713182582666,
        "lr_cd": 0.06897437257129424,
        "seld": 1.0600979302417959
      },
      "micro": {
        "f1": 0.1398565515784231,
        "er": 2.194853082758886,
        "le_cd": 12.2651488400964,
        "lr_cd": 0.17843801748372934,
        "seld": 0.9861745573687618
      }
    },
    "0.22": {
      "macro": {
        "f1": 0.04926399072667927,
        "er": 1.4858800416477917,
        "le_cd": 128.3584024182145,
        "lr_cd": 0.06561437466891352,
        "seld": 1.0210259779772366
      },
      "micro": {
        "f1": 0.1471885704737238,
        "er": 1.9654369006816343,
        "le_cd": 12.300243916984911,
        "lr_cd": 0.16960950437093233,
        "seld": 0.929243378566168
      }
    },
    "0.30": {
      "macro": {
        "f1": 0.05068761321260089,
        "er": 1.2883661707676846,
        "le_cd": 128.35792660727827,
        "lr_cd": 0.05841569691714542,
        "seld": 0.9730906132251489
      },
      "micro": {
        "f1": 0.1542815667821148,
        "er": 1.6714965148072554,
        "le_cd": 12.35327574823863,
        "lr_cd": 0.1524627411714869,
        "seld": 0.8583453791415225
      }
    }
  },
  "variant": "seldnet_official",
  "seed": 0,
  "suffix": "baseline_mc8_inmem",
  "testset": "starss22-test",
  "wall_s": 109.53905200958252
}