{
  "n_clips": 54,
  "inference_s": 13.216328144073486,
  "thresholds": {
    "0.10": {
      "macro": {
        "f1": 0.06281257483568069,
        "er": 2.3147423892039845,
        "le_cd": 90.08709003608129,
        "lr_cd": 0.1048242431925342,
        "seld": 1.1618973511773887
      },
      "micro": {
        "f1": 0.11800397815002456,
        "er": 3.129231332075326,
        "le_cd": 11.746128325329803,
        "lr_cd": 0.2093329995763854,
        "seld": 1.2167876557057427
      }
    },
    "0.15": {
      "macro": {
        "f1": 0.07467547827275461,
        "er": 1.648707345818652,
        "le_cd": 102.52286466082674,
        "lr_cd": 0.09240090411516441,
        "seld": 1.0128006084421648
      },
      "micro": {
        "f1": 0.14069502455513302,
        "er": 2.388743405091077,
        "le_cd": 11.6443092626639,
        "lr_cd": 0.19555589787037395,
        "seld": 1.0292957724200924
      }
    },
    "0.18": {
      "macro": {
        "f1": 0.06572594271134821,
        "er": 1.5262234704867697,
        "le_cd": 102.61415244881219,
        "lr_cd": 0.08010312960203057,
        "seld": 0.9876182557222535
      },
      "micro": {
        "f1": 0.14590068805438117,
        "er": 2.1822505487734434,
        "le_cd": 11.583486157096385,
        "lr_cd": 0.18639041860823352,
        "seld": 0.9785780357458966
      }
    },
    "0.22": {
      "macro": {
        "f1": 0.05924648642335662,
        "er": 1.4351676809439093,
        "le_cd": 115.38906257439112,
        "lr_cd": 0.07111430704421848,
        "seld": 0.98646430877796
      },
      "micro": {
        "f1": 0.1498488532562266,
        "er": 1.9927985520083182,
        "le_cd": 11.48342736293769,
        "lr_cd": 0.17562675703777872,
        "seld": 0.9327799400993251
      }
    },
    "0.30": {
      "macro": {
        "f1": 0.0525686114883716,
        "er": 1.3108472440121213,
        "le_cd": 115.42664094939657,
        "lr_cd": 0.060118966584305204,
        "seld": 0.9598546955812453
      },
      "micro": {
        "f1": 0.15071545418648816,
        "er": 1.7394192629106173,
        "le_cd": 11.294890368738507,
        "lr_cd": 0.15434012400354297,
        "seld": 0.8742782689145057
      }
    }
  },
  "variant": "seldnet_official",
  "seed": 3,
  "suffix": "baseline_mc8_inmem",
  "testset": "starss22-test",
  "wall_s": 112.08988237380981
}