{
  "n_clips": 54,
  "inference_s": 96.40987014770508,
  "thresholds": {
    "0.10": {
      "macro": {
        "f1": 0.042929682395649385,
        "er": 10.8300076782422,
        "le_cd": 38.37288204987945,
        "lr_cd": 0.15636111179960827,
        "seld": 3.210974890525457
      },
      "micro": {
        "f1": 0.07513893251116908,
        "er": 5.556610313089691,
        "le_cd": 11.625131075551,
        "lr_cd": 0.22571918203874147,
        "seld": 1.830084065017655
      }
    },
    "0.15": {
      "macro": {
        "f1": 0.0643391552694749,
        "er": 3.2208009874589365,
        "le_cd": 51.090344373476725,
        "lr_cd": 0.12179405143932173,
        "seld": 1.3296257568173637
      },
      "micro": {
        "f1": 0.10783796728576335,
        "er": 3.5508337505295184,
        "le_cd": 11.561116518875496,
        "lr_cd": 0.21459929911040937,
        "seld": 1.3231562273095525
      }
    },
    "0.18": {
      "macro": {
        "f1": 0.07200930732850551,
        "er": 2.2867319083417676,
        "le_cd": 63.7588174264943,
        "lr_cd": 0.1091232770697834,
        "seld": 1.114953744078223
      },
      "micro": {
        "f1": 0.12178003077554946,
        "er": 3.0056128932876343,
        "le_cd": 11.564767754551369,
        "lr_cd": 0.2083894943582239,
        "seld": 1.1849230194753422
      }
    },
    "0.22": {
      "macro": {
        "f1": 0.07155658896582512,
        "er": 1.8099043174661698,
        "le_cd": 76.82813817047517,
        "lr_cd": 0.09303599804355132,
        "seld": 1.0180336800731915
      },
      "micro": {
        "f1": 0.1343904907905572,
        "er": 2.5604517271922056,
        "le_cd": 11.614264461652104,
        "lr_cd": 0.19876189009126968,
        "seld": 1.0729557594410004
      }
    },
    "0.30": {
      "macro": {
        "f1": 0.05256556148219972,
        "er": 1.4576912394206034,
        "le_cd": 115.6594886648643,
        "lr_cd": 0.070230910607079,
        "seld": 0.9943618705340316
      },
      "micro": {
        "f1": 0.15144489193395697,
        "er": 2.03660415142296,
        "le_cd": 11.641789897526325,
        "lr_cd": 0.18174028574729464,
        "seld": 0.9420238960708803
      }
    }
  },
  "variant": "no_geom",
  "seed": 0,
  "suffix": "mc8_inmem",
  "testset": "starss22-test",
  "wall_s": 209.4522659778595
}