{
  "n_clips": 54,
  "inference_s": 13.591001510620117,
  "thresholds": {
    "0.10": {
      "macro": {
        "f1": 0.042218109582816694,
        "er": 9.162842432557056,
        "le_cd": 38.44017084121457,
        "lr_cd": 0.1501541320228368,
        "seld": 2.796006673906205
      },
      "micro": {
        "f1": 0.07946965743994668,
        "er": 5.63892632957215,
        "le_cd": 11.312421617872745,
        "lr_cd": 0.24340509107713637,
        "seld": 1.8447245919552566
      }
    },
    "0.15": {
      "macro": {
        "f1": 0.06102208763465585,
        "er": 2.8188321153923566,
        "le_cd": 38.82443448754696,
        "lr_cd": 0.11158149544100714,
        "seld": 1.2154799587563219
      },
      "micro": {
        "f1": 0.11596375613769931,
        "er": 3.4858185389147764,
        "le_cd": 11.231320152731529,
        "lr_cd": 0.22862671852736166,
        "seld": 1.3009060718301115
      }
    },
    "0.18": {
      "macro": {
        "f1": 0.07126822563973999,
        "er": 2.104013230119262,
        "le_cd": 64.25204058848092,
        "lr_cd": 0.10846338770420309,
        "seld": 1.0703093494556086
      },
      "micro": {
        "f1": 0.13341510536787338,
        "er": 2.897629683829476,
        "le_cd": 11.208392316197077,
        "lr_cd": 0.22305233565679516,
        "seld": 1.1508577722514757
      }
    },
    "0.22": {
      "macro": {
        "f1": 0.07977456741697891,
        "er": 1.725152195441019,
        "le_cd": 64.20856348478358,
        "lr_cd": 0.1040605994327431,
        "seld": 0.9745078175433569
      },
      "micro": {
        "f1": 0.14958938216573298,
        "er": 2.44654754110987,
        "le_cd": 11.162845339129628,
        "lr_cd": 0.21517695536642661,
        "seld": 1.03594925275433
      }
    },
    "0.30": {
      "macro": {
        "f1": 0.07822845211240295,
        "er": 1.4223909175817044,
        "le_cd": 102.16353834722905,
        "lr_cd": 0.08840532622782327,
        "seld": 0.9558330880704099
      },
      "micro": {
        "f1": 0.16689766501434908,
        "er": 1.967593484037432,
        "le_cd": 11.05290242634424,
        "lr_cd": 0.19708668694881964,
        "seld": 0.9162535363884884
      }
    }
  },
  "variant": "full",
  "seed": 0,
  "suffix": "mc8_inmem",
  "testset": "starss22-test",
  "wall_s": 123.65027284622192
}