{
  "n_clips": 54,
  "inference_s": 13.074853897094727,
  "thresholds": {
    "0.10": {
      "macro": {
        "f1": 0.0503255143612612,
        "er": 2.614438382471555,
        "le_cd": 103.09452228679781,
        "lr_cd": 0.0992520331759974,
        "seld": 1.2594020452430157
      },
      "micro": {
        "f1": 0.09376937057473737,
        "er": 3.730013093541803,
        "le_cd": 11.70401678569209,
        "lr_cd": 0.1929756999268302,
        "seld": 1.377072584629076
      }
    },
    "0.15": {
      "macro": {
        "f1": 0.040797574274758726,
        "er": 1.7712551552161249,
        "le_cd": 115.64819677892113,
        "lr_cd": 0.06821447986106242,
        "seld": 1.0761832707963552
      },
      "micro": {
        "f1": 0.11564478648239268,
        "er": 2.7149555204682865,
        "le_cd": 11.645171699827403,
        "lr_cd": 0.17751376747410175,
        "seld": 1.1216230912110416
      }
    },
    "0.18": {
      "macro": {
        "f1": 0.04173447915738223,
        "er": 1.5929532470734846,
        "le_cd": 128.22376994037094,
        "lr_cd": 0.06468489926003504,
        "seld": 1.049722036525643
      },
      "micro": {
        "f1": 0.12586973617855646,
        "er": 2.3864038972542074,
        "le_cd": 11.63126277453388,
        "lr_cd": 0.17181422574806485,
        "seld": 1.0383345154631936
      }
    },
    "0.22": {
      "macro": {
        "f1": 0.04460940060772078,
        "er": 1.4644098807389367,
        "le_cd": 128.2097076561118,
        "lr_cd": 0.06211669387493543,
        "seld": 1.0174899849753365
      },
      "micro": {
        "f1": 0.13415697331940526,
        "er": 2.1226941887780644,
        "le_cd": 11.560815404025135,
        "lr_cd": 0.1644491084838449,
        "seld": 0.9720787148048495
      }
    },
    "0.30": {
      "macro": {
        "f1": 0.046584466649734896,
        "er": 1.3363178829543492,
        "le_cd": 128.16673834160187,
        "lr_cd": 0.056668474950771014,
        "seld": 0.9862755941462412
      },
      "micro": {
        "f1": 0.14096780900552336,
        "er": 1.8297647013517155,
        "le_cd": 11.415186490862926,
        "lr_cd": 0.15013286093888398,
        "seld": 0.9005204335335812
      }
    }
  },
  "variant": "seldnet_official",
  "seed": 1,
  "suffix": "baseline_mc8_inmem",
  "testset": "starss22-test",
  "wall_s": 115.08142042160034
}