{
  "n_clips": 54,
  "inference_s": 13.367249488830566,
  "thresholds": {
    "0.10": {
      "macro": {
        "f1": 0.035723322813572066,
        "er": 22.532837930845513,
        "le_cd": 38.474070387308956,
        "lr_cd": 0.17476569543235423,
        "seld": 6.13402343702116
      },
      "micro": {
        "f1": 0.06103937954081809,
        "er": 7.041273539492432,
        "le_cd": 12.020072729167142,
        "lr_cd": 0.2288674086340355,
        "seld": 2.204536233286571
      }
    },
    "0.15": {
      "macro": {
        "f1": 0.05226971915358726,
        "er": 4.429531399961596,
        "le_cd": 63.65354557600153,
        "lr_cd": 0.13291442036234444,
        "seld": 1.649494517300307
      },
      "micro": {
        "f1": 0.09565987599645705,
        "er": 4.079360341972504,
        "le_cd": 11.98765857906388,
        "lr_cd": 0.21575461162244386,
        "seld": 1.4586359893926562
      }
    },
    "0.18": {
      "macro": {
        "f1": 0.06226983817161991,
        "er": 2.7596427683313496,
        "le_cd": 63.479778746809195,
        "lr_cd": 0.11491341647821975,
        "seld": 1.2337812377909458
      },
      "micro": {
        "f1": 0.11241725633417027,
        "er": 3.2944506489005274,
        "le_cd": 11.98095114724495,
        "lr_cd": 0.20863018446489776,
        "seld": 1.2599910119520938
      }
    },
    "0.22": {
      "macro": {
        "f1": 0.06673675431854975,
        "er": 2.008403620770873,
        "le_cd": 63.86829758876623,
        "lr_cd": 0.09071322357773266,
        "seld": 1.051444379591934
      },
      "micro": {
        "f1": 0.12894689097290432,
        "er": 2.6809026841760697,
        "le_cd": 12.058629952829405,
        "lr_cd": 0.19843455154619324,
        "seld": 1.1051284075709507
      }
    },
    "0.30": {
      "macro": {
        "f1": 0.06119550589453755,
        "er": 1.4505614520305945,
        "le_cd": 89.82603440888533,
        "lr_cd": 0.07097874080073971,
        "seld": 0.9543551824572811
      },
      "micro": {
        "f1": 0.1498909044577872,
        "er": 2.055589787037394,
        "le_cd": 12.097001379015413,
        "lr_cd": 0.18122039511687912,
        "seld": 0.9479210126698701
      }
    }
  },
  "variant": "full",
  "seed": 1,
  "suffix": "mc8_inmem",
  "testset": "starss22-test",
  "wall_s": 131.1109902858734
}