{
  "n_clips": 54,
  "inference_s": 13.394442081451416,
  "thresholds": {
    "0.10": {
      "macro": {
        "f1": 0.03804091291324199,
        "er": 9.430684972207551,
        "le_cd": 51.54802572964041,
        "lr_cd": 0.13884318582774574,
        "seld": 2.885044698546697
      },
      "micro": {
        "f1": 0.06745683324733061,
        "er": 5.65466746254862,
        "le_cd": 11.83167300923802,
        "lr_cd": 0.2045191974429083,
        "seld": 1.8621057371440923
      }
    },
    "0.15": {
      "macro": {
        "f1": 0.05819213905114529,
        "er": 3.1820648298882355,
        "le_cd": 64.650385577274,
        "lr_cd": 0.1093680792761308,
        "seld": 1.3434183550808982
      },
      "micro": {
        "f1": 0.09833478450152372,
        "er": 3.5094350521816153,
        "le_cd": 11.7488817681365,
        "lr_cd": 0.19136789001424886,
        "seld": 1.3212509857610948
      }
    },
    "0.18": {
      "macro": {
        "f1": 0.06486849408023868,
        "er": 2.3469822343992637,
        "le_cd": 64.73631794973232,
        "lr_cd": 0.09603936112821088,
        "seld": 1.136430147505665
      },
      "micro": {
        "f1": 0.11093553296082205,
        "er": 2.9304598143797898,
        "le_cd": 11.67685359524693,
        "lr_cd": 0.18282820502946046,
        "seld": 1.1753918713129976
      }
    },
    "0.22": {
      "macro": {
        "f1": 0.06097610926097105,
        "er": 1.8310124956493716,
        "le_cd": 64.44073442012066,
        "lr_cd": 0.07745531775925349,
        "seld": 1.0126462871852322
      },
      "micro": {
        "f1": 0.12170254308952035,
        "er": 2.4598721454153347,
        "le_cd": 11.538564106176672,
        "lr_cd": 0.17042785073362343,
        "seld": 1.0579612213788487
      }
    },
    "0.30": {
      "macro": {
        "f1": 0.04941659396347861,
        "er": 1.4442432081115821,
        "le_cd": 89.64608304096146,
        "lr_cd": 0.056639850169331256,
        "seld": 0.9590551396626952
      },
      "micro": {
        "f1": 0.13073269158014209,
        "er": 1.9908922863634613,
        "le_cd": 11.556947573608877,
        "lr_cd": 0.14970924635113797,
        "seld": 0.943663903182502
      }
    }
  },
  "variant": "no_geom",
  "seed": 3,
  "suffix": "mc8_inmem",
  "testset": "starss22-test",
  "wall_s": 123.69724369049072
}