{
  "n_clips": 54,
  "inference_s": 13.430845260620117,
  "thresholds": {
    "0.10": {
      "macro": {
        "f1": 0.04540056481141982,
        "er": 11.91823367868087,
        "le_cd": 25.092800378323563,
        "lr_cd": 0.18265971406558335,
        "seld": 3.4573944615875276
      },
      "micro": {
        "f1": 0.07339818893048354,
        "er": 5.938537374359765,
        "le_cd": 11.445564392811294,
        "lr_cd": 0.23520237224169138,
        "seld": 1.9233808205091352
      }
    },
    "0.15": {
      "macro": {
        "f1": 0.07544465398535459,
        "er": 3.238880835793727,
        "le_cd": 50.8960686647387,
        "lr_cd": 0.1544093606809736,
        "seld": 1.3229456895384313
      },
      "micro": {
        "f1": 0.10820800466884978,
        "er": 3.7073400854931258,
        "le_cd": 11.359609526288244,
        "lr_cd": 0.22492009088458428,
        "seld": 1.3593302329381012
      }
    },
    "0.18": {
      "macro": {
        "f1": 0.09012995195540695,
        "er": 2.283804687264414,
        "le_cd": 63.779698216715786,
        "lr_cd": 0.14269347728538107,
        "seld": 1.1013282286957895
      },
      "micro": {
        "f1": 0.1221932424741812,
        "er": 3.133332691493049,
        "le_cd": 11.339534600855844,
        "lr_cd": 0.2180844918550468,
        "seld": 1.2140130929032549
      }
    },
    "0.22": {
      "macro": {
        "f1": 0.08654131558524653,
        "er": 1.798913021315511,
        "le_cd": 64.19691318478952,
        "lr_cd": 0.11571952779026892,
        "seld": 0.9883254239083177
      },
      "micro": {
        "f1": 0.13639246125358293,
        "er": 2.6222513189817844,
        "le_cd": 11.306404083527966,
        "lr_cd": 0.20707051257365117,
        "seld": 1.0854004252935376
      }
    },
    "0.30": {
      "macro": {
        "f1": 0.07841675300166945,
        "er": 1.459347395853022,
        "le_cd": 102.52134063508446,
        "lr_cd": 0.09121091799698608,
        "seld": 0.9648206820956534
      },
      "micro": {
        "f1": 0.15559845712277875,
        "er": 2.0591616282204335,
        "le_cd": 11.176314172082712,
        "lr_cd": 0.1897215696845997,
        "seld": 0.9439830589256009
      }
    }
  },
  "variant": "no_geom",
  "seed": 1,
  "suffix": "mc8_inmem",
  "testset": "starss22-test",
  "wall_s": 129.16445064544678
}