{
  "n_clips": 54,
  "inference_s": 13.264131546020508,
  "thresholds": {
    "0.10": {
      "macro": {
        "f1": 0.042884732774324745,
        "er": 10.469912055295794,
        "le_cd": 38.81531045864104,
        "lr_cd": 0.14331800161570124,
        "seld": 3.1248374836412207
      },
      "micro": {
        "f1": 0.06978202507005637,
        "er": 5.484191473793661,
        "le_cd": 11.903975687796462,
        "lr_cd": 0.2057033927677437,
        "seld": 1.8187098135553494
      }
    },
    "0.15": {
      "macro": {
        "f1": 0.06654844160401849,
        "er": 2.722186737010311,
        "le_cd": 51.64425842673987,
        "lr_cd": 0.11137423739715319,
        "seld": 1.2077941512060903
      },
      "micro": {
        "f1": 0.10209512481541026,
        "er": 3.4304309315669888,
        "le_cd": 11.85625445979734,
        "lr_cd": 0.19502637963569144,
        "seld": 1.2997943768620237
      }
    },
    "0.18": {
      "macro": {
        "f1": 0.07280304883987115,
        "er": 2.0564595134300525,
        "le_cd": 64.3821730643458,
        "lr_cd": 0.09864381795415508,
        "seld": 1.060672846470598
      },
      "micro": {
        "f1": 0.11311025558203622,
        "er": 2.9342723456695037,
        "le_cd": 11.886203405911951,
        "lr_cd": 0.1871124889282551,
        "seld": 1.1750210161313475
      }
    },
    "0.22": {
      "macro": {
        "f1": 0.07377119031822837,
        "er": 1.7299028237143843,
        "le_cd": 77.12448849902785,
        "lr_cd": 0.08683443310870222,
        "seld": 0.9994416452094022
      },
      "micro": {
        "f1": 0.12314462892578516,
        "er": 2.532098432626025,
        "le_cd": 11.836157216828717,
        "lr_cd": 0.17780259560211037,
        "seld": 1.0742269092701278
      }
    },
    "0.30": {
      "macro": {
        "f1": 0.06843716212712804,
        "er": 1.4523352136809604,
        "le_cd": 89.93235671000454,
        "lr_cd": 0.07128000287788115,
        "seld": 0.9530605631551052
      },
      "micro": {
        "f1": 0.1357924736058035,
        "er": 2.055300958909385,
        "le_cd": 11.747463859762867,
        "lr_cd": 0.16147417876535602,
        "seld": 0.9558244986620049
      }
    }
  },
  "variant": "no_geom",
  "seed": 2,
  "suffix": "mc8_inmem",
  "testset": "starss22-test",
  "wall_s": 124.93825936317444
}