{
  "trainings": [
    {
      "spec": {
        "variant": "seldnet_official",
        "seed": 3,
        "suffix": "baseline_mc8_inmem"
      },
      "returncode": 0,
      "elapsed_s": 3141.337501525879,
      "best_eval_loss": 0.02116349210532812,
      "n_params": 622645
    },
    {
      "spec": {
        "variant": "seldnet_official",
        "seed": 4,
        "suffix": "baseline_mc8_inmem"
      },
      "returncode": 0,
      "elapsed_s": 3066.0096638202667,
      "best_eval_loss": 0.021853481514904745,
      "n_params": 622645
    },
    {
      "spec": {
        "variant": "seldnet_official",
        "seed": 3,
        "suffix": "baseline_mc8_inmem_specaug"
      },
      "returncode": 0,
      "elapsed_s": 3094.1624393463135,
      "best_eval_loss": 0.023276277316304352,
      "n_params": 622645
    },
    {
      "spec": {
        "variant": "seldnet_official",
        "seed": 4,
        "suffix": "baseline_mc8_inmem_specaug"
      },
      "returncode": 0,
      "elapsed_s": 3021.854388475418,
      "best_eval_loss": 0.023026144299178552,
      "n_params": 622645
    }
  ],
  "evals": [
    {
      "spec": {
        "variant": "seldnet_official",
        "seed": 3,
        "suffix": "baseline_mc8_inmem"
      },
      "n_clips_eval": 78,
      "thresholds": {
        "0.10": {
          "macro": {
            "f1": 0.05824506155869269,
            "er": 2.4977720766764,
            "le_cd": 77.23793659350677,
            "lr_cd": 0.0983021305919877,
            "seld": 1.192581133066856
          },
          "micro": {
            "f1": 0.10962695177015434,
            "er": 3.1643590486305557,
            "le_cd": 11.595185715577527,
            "lr_cd": 0.194805445592353,
            "seld": 1.231086087421981
          }
        },
        "0.15": {
          "macro": {
            "f1": 0.06680193602930005,
            "er": 1.6070602532206744,
            "le_cd": 102.49647929393753,
            "lr_cd": 0.087712711637537,
            "seld": 1.0054926226300391
          },
          "micro": {
            "f1": 0.13574561560082155,
            "er": 2.337517299089183,
            "le_cd": 11.499911086127057,
            "lr_cd": 0.18357310675549549,
            "seld": 1.0205217429139486
          }
        },
        "0.18": {
          "macro": {
            "f1": 0.059930967664744254,
            "er": 1.494385328328639,
            "le_cd": 102.59301423261394,
            "lr_cd": 0.07889362924788247,
            "seld": 0.9813804803993001
          },
          "micro": {
            "f1": 0.14353073179641734,
            "er": 2.1127675324257345,
            "le_cd": 11.442772630819675,
            "lr_cd": 0.17703324643558302,
            "seld": 0.9639436283134608
          }
        },
        "0.22": {
          "macro": {
            "f1": 0.057166627362999316,
            "er": 1.4033120575764313,
            "le_cd": 115.37863696039473,
            "lr_cd": 0.07343321704710079,
            "seld": 0.9784261601810199
          },
          "micro": {
            "f1": 0.15090406931676592,
            "er": 1.9037172926523125,
            "le_cd": 11.360714850705296,
            "lr_cd": 0.16916739081458596,
            "seld": 0.9116902287562197
          }
        },
        "0.30": {
          "macro": {
            "f1": 0.05729106780426369,
            "er": 1.2827489264596532,
            "le_cd": 115.4335307314027,
            "lr_cd": 0.06733255092792961,
            "seld": 0.9498556751699243
          },
          "micro": {
            "f1": 0.15697819930185072,
            "er": 1.647787325802195,
            "le_cd": 11.212733983902934,
            "lr_cd": 0.15341636896141095,
            "seld": 0.8499214310290428
          }
        }
      }
    },
    {
      "spec": {
        "variant": "seldnet_official",
        "seed": 4,
        "suffix": "baseline_mc8_inmem"
      },
      "n_clips_eval": 78,
      "thresholds": {
        "0.10": {
          "macro": {
            "f1": 0.05373335837576732,
            "er": 3.3376019374202,
            "le_cd": 76.63261874209479,
            "lr_cd": 0.10964501045156065,
            "seld": 1.399990084845572
          },
          "micro": {
            "f1": 0.10549627817004902,
            "er": 3.3694441762415113,
            "le_cd": 12.066453533253787,
            "lr_cd": 0.19869331531009624,
            "seld": 1.2830726089309716
          }
        },
        "0.15": {
          "macro": {
            "f1": 0.05034252842545671,
            "er": 2.0337827405366666,
            "le_cd": 88.99858826650788,
            "lr_cd": 0.08359228120757933,
            "seld": 1.0985711330960575
          },
          "micro": {
            "f1": 0.13407637484684035,
            "er": 2.4064433072640083,
            "le_cd": 12.027748581422815,
            "lr_cd": 0.18630233980238808,
            "seld": 1.0382213545167822
          }
        },
        "0.18": {
          "macro": {
            "f1": 0.05052301475205789,
            "er": 1.7148620348634274,
            "le_cd": 101.72036855748044,
            "lr_cd": 0.0778846496426881,
            "seld": 1.0378918822803376
          },
          "micro": {
            "f1": 0.14313338322932656,
            "er": 2.159228862926845,
            "le_cd": 12.061910992724362,
            "lr_cd": 0.18034179781790094,
            "seld": 0.9756910746264659
          }
        },
        "0.22": {
          "macro": {
            "f1": 0.05279804182556923,
            "er": 1.4831846504925017,
            "le_cd": 115.36406428393819,
            "lr_cd": 0.07363260554585993,
            "seld": 0.9994163678412934
          },
          "micro": {
            "f1": 0.15135004713381514,
            "er": 1.9470631778829133,
            "le_cd": 12.099398850236932,
            "lr_cd": 0.17362170512696726,
            "seld": 0.9223275770308618
          }
        },
        "0.30": {
          "macro": {
            "f1": 0.055351412682135254,
            "er": 1.3123137020072955,
            "le_cd": 128.4356601687427,
            "lr_cd": 0.06857634751626598,
            "seld": 0.9754793467976994
          },
          "micro": {
            "f1": 0.15836496944492137,
            "er": 1.7038782144121527,
            "le_cd": 12.096494149671795,
            "lr_cd": 0.1603038202825786,
            "seld": 0.8631030424901517
          }
        }
      }
    },
    {
      "spec": {
        "variant": "seldnet_official",
        "seed": 3,
        "suffix": "baseline_mc8_inmem_specaug"
      },
      "n_clips_eval": 78,
      "thresholds": {
        "0.10": {
          "macro": {
            "f1": 0.020376851621990006,
            "er": 2.6566412370488064,
            "le_cd": 115.39697844926938,
            "lr_cd": 0.03885319773883752,
            "seld": 1.3096263781015356
          },
          "micro": {
            "f1": 0.04996246776315301,
            "er": 3.291261948440668,
            "le_cd": 11.378762793673605,
            "lr_cd": 0.08654372244214863,
            "seld": 1.3044927767722772
          }
        },
        "0.15": {
          "macro": {
            "f1": 0.013416203709469426,
            "er": 1.2562297180366953,
            "le_cd": 140.9081096080865,
            "lr_cd": 0.01515472992782237,
            "seld": 1.00262040388886
          },
          "micro": {
            "f1": 0.03164466042529438,
            "er": 1.5186701425766793,
            "le_cd": 11.623863396145234,
            "lr_cd": 0.024814135367384377,
            "seld": 0.8816970914128686
          }
        },
        "0.18": {
          "macro": {
            "f1": 0.013932520138807405,
            "er": 1.1517401462740955,
            "le_cd": 140.80889932378454,
            "lr_cd": 0.013618399191832565,
            "seld": 0.9766152224633424
          },
          "micro": {
            "f1": 0.030482052409346115,
            "er": 1.3626983360690033,
            "le_cd": 11.934250803799115,