{
  "trainings": [
    {
      "spec": {
        "variant": "seldnet_official",
        "seed": 0,
        "specaug": true
      },
      "returncode": 0,
      "elapsed_s": 2641.2458341121674,
      "best_eval_loss": 0.023535524017344683,
      "n_params": 622645
    },
    {
      "spec": {
        "variant": "seldnet_official",
        "seed": 1,
        "specaug": true
      },
      "returncode": 0,
      "elapsed_s": 2642.4653685092926,
      "best_eval_loss": 0.02364873757156042,
      "n_params": 622645
    },
    {
      "spec": {
        "variant": "seldnet_official",
        "seed": 2,
        "specaug": true
      },
      "returncode": 0,
      "elapsed_s": 2643.981777906418,
      "best_eval_loss": 0.022687314699093502,
      "n_params": 622645
    }
  ],
  "evals": [
    {
      "spec": {
        "variant": "seldnet_official",
        "seed": 0,
        "specaug": true
      },
      "n_clips_eval": 78,
      "thresholds": {
        "0.10": {
          "macro": {
            "f1": 0.03785311483403707,
            "er": 3.847566263211452,
            "le_cd": 90.47300711574925,
            "lr_cd": 0.08007769222306688,
            "seld": 1.5580658183660165
          },
          "micro": {
            "f1": 0.07806027486541872,
            "er": 3.787789256863313,
            "le_cd": 12.739914914287533,
            "lr_cd": 0.16035531524572752,
            "seld": 1.4050377429578855
          }
        },
        "0.15": {
          "macro": {
            "f1": 0.032661689981667595,
            "er": 2.748303261962093,
            "le_cd": 115.74596258948701,
            "lr_cd": 0.061492123492661595,
            "seld": 1.3242956434962285
          },
          "micro": {
            "f1": 0.08550931333133782,
            "er": 3.0088571336616137,
            "le_cd": 12.814620276442362,
            "lr_cd": 0.140671365582054,
            "seld": 1.2134671974043365
          }
        },
        "0.18": {
          "macro": {
            "f1": 0.03469443238244667,
            "er": 2.2862425356304277,
            "le_cd": 128.56378661945786,
            "lr_cd": 0.05731147734676086,
            "seld": 1.227119971224552
          },
          "micro": {
            "f1": 0.091682392603048,
            "er": 2.655189726754852,
            "le_cd": 12.85801392627562,
            "lr_cd": 0.13400276785426926,
            "seld": 1.1252344942497665
          }
        },
        "0.22": {
          "macro": {
            "f1": 0.03713817723916127,
            "er": 1.921954362269953,
            "le_cd": 128.61532683700366,
            "lr_cd": 0.05339308674201078,
            "seld": 1.1364881729569225
          },
          "micro": {
            "f1": 0.09886770892847867,
            "er": 2.2335296578803385,
            "le_cd": 13.024459774936325,
            "lr_cd": 0.12252582794245438,
            "seld": 1.0211235577175406
          }
        },
        "0.30": {
          "macro": {
            "f1": 0.04208280151059858,
            "er": 1.2944190388174273,
            "le_cd": 128.72017140620605,
            "lr_cd": 0.04422579507030068,
            "seld": 0.9808056264010848
          },
          "micro": {
            "f1": 0.10997271855138507,
            "er": 1.5287695922242606,
            "le_cd": 13.005987720179721,
            "lr_cd": 0.09444819928550739,
            "seld": 0.849151040430425
          }
        }
      }
    },
    {
      "spec": {
        "variant": "seldnet_official",
        "seed": 1,
        "specaug": true
      },
      "n_clips_eval": 78,
      "thresholds": {
        "0.10": {
          "macro": {
            "f1": 0.02627597143995862,
            "er": 3.9603290501761474,
            "le_cd": 115.04382335471556,
            "lr_cd": 0.061963470123404855,
            "seld": 1.6278054901458565
          },
          "micro": {
            "f1": 0.06958339226501972,
            "er": 3.8109619902803256,
            "le_cd": 11.05723000989899,
            "lr_cd": 0.14250587364423417,
            "seld": 1.4150754449954055
          }
        },
        "0.15": {
          "macro": {
            "f1": 0.0296902264184834,
            "er": 1.783139020362993,
            "le_cd": 128.25801598554924,
            "lr_cd": 0.05023365247619344,
            "seld": 1.103939918680342
          },
          "micro": {
            "f1": 0.08451381106965031,
            "er": 2.5504618454507417,
            "le_cd": 11.428842111551218,
            "lr_cd": 0.11772392262881787,
            "seld": 1.1029294197596673
          }
        },
        "0.18": {
          "macro": {
            "f1": 0.02967379671844106,
            "er": 1.4995156206811053,
            "le_cd": 128.47698324612807,
            "lr_cd": 0.042504307943660224,
            "seld": 1.035274633513262
          },
          "micro": {
            "f1": 0.08462297846865853,
            "er": 2.0472144443371634,
            "le_cd": 11.847538046658181,
            "lr_cd": 0.0946284316565286,
            "seld": 0.983445672506686
          }
        },
        "0.22": {
          "macro": {
            "f1": 0.030389769449395983,
            "er": 1.3092923173382778,
            "le_cd": 128.5473942855365,
            "lr_cd": 0.03652836971405393,
            "seld": 0.9891315921625077
          },
          "micro": {
            "f1": 0.08726324723273661,
            "er": 1.6406230890541018,
            "le_cd": 11.486790570435053,
            "lr_cd": 0.07842682887580059,
            "seld": 0.884687129028662
          }
        },
        "0.30": {
          "macro": {
            "f1": 0.030388971523835087,
            "er": 1.1603966238502932,
            "le_cd": 128.6256339719746,
            "lr_cd": 0.02814068868659062,
            "seld": 0.9541134547599316
          },
          "micro": {
            "f1": 0.08143333009928527,
            "er": 1.2797850085288534,
            "le_cd": 11.217051624479401,
            "lr_cd": 0.056728138778925685,
            "seld": 0.8009851232799932
          }
        }
      }
    },
    {
      "spec": {
        "variant": "seldnet_official",
        "seed": 2,
        "specaug": true
      },
      "n_clips_eval": 78,
      "thresholds": {
        "0.10": {
          "macro": {
            "f1": 0.007163567575056906,
            "er": 11.414440725470278,
            "le_cd": 103.39176677766157,
            "lr_cd": 0.02419704746961898,
            "seld": 3.4893697036864864
          },
          "micro": {
            "f1": 0.016909482158339963,
            "er": 7.042998294229346,
            "le_cd": 12.411051950717324,
            "lr_cd": 0.060570950403913616,
            "seld": 2.2586170375705468
          }
        },
        "0.15": {
          "macro": {
            "f1": 0.003818458046868705,
            "er": 1.9749686270141877,
            "le_cd": 129.59155158345138,
            "lr_cd": 0.010148164059321717,
            "seld": 1.1702387673151262
          },
          "micro": {
            "f1": 0.013996065970646088,
            "er": 3.187885809919217,
            "le_cd": 14.867284169344584,
            "lr_cd": 0.022625599433555407,
            "seld": 1.3084650419195105
          }
        },
        "0.18": {
          "macro": {
            "f1": 0.0029363440691852175,
            "er": 1.622464596568033,
            "le_cd": 142.2384569640203,
            "lr_cd": 0.008439273454287534,
            "seld": 1.1003256572111682
          },
          "micro": {
            "f1": 0.015277631724409428,
            "er": 2.3507643783592416,
            "le_cd": 14.91076924224349,
            "lr_cd": 0.01823565382511023,
            "seld": 1.1000221749277688
          }
        },
        "0.22": {
          "macro": {
            "f1": 0.0024992175452503537,
            "er": 1.426751474489347,
            "le_cd": 154.79537035956744,
            "lr_cd": 0.005057875187017077,
            "seld": 1.0697921653831135
          },