{
  "trainings": [
    {
      "spec": {
        "variant": "seldnet_official",
        "seed": 0,
        "specaug": false
      },
      "returncode": 0,
      "elapsed_s": 2672.0884544849396,
      "best_eval_loss": 0.021191727202863265,
      "n_params": 622645
    },
    {
      "spec": {
        "variant": "seldnet_official",
        "seed": 1,
        "specaug": false
      },
      "returncode": 0,
      "elapsed_s": 2678.092869758606,
      "best_eval_loss": 0.02132373408247263,
      "n_params": 622645
    },
    {
      "spec": {
        "variant": "seldnet_official",
        "seed": 2,
        "specaug": false
      },
      "returncode": 0,
      "elapsed_s": 2649.961822986603,
      "best_eval_loss": 0.021613068998050995,
      "n_params": 622645
    }
  ],
  "evals": [
    {
      "spec": {
        "variant": "seldnet_official",
        "seed": 0,
        "specaug": false
      },
      "n_clips_eval": 78,
      "thresholds": {
        "0.10": {
          "macro": {
            "f1": 0.03900826049931995,
            "er": 3.1526487067325073,
            "le_cd": 64.72471262482742,
            "lr_cd": 0.0906574026818426,
            "seld": 1.3456411950889853
          },
          "micro": {
            "f1": 0.10349612023415612,
            "er": 3.664156287213157,
            "le_cd": 12.553844363894411,
            "lr_cd": 0.21150268739338934,
            "seld": 1.3547252648462562
          }
        },
        "0.15": {
          "macro": {
            "f1": 0.051579216048860364,
            "er": 1.835869601700898,
            "le_cd": 115.86221297548545,
            "lr_cd": 0.08493156647778911,
            "seld": 1.085759445037292
          },
          "micro": {
            "f1": 0.14309770142820513,
            "er": 2.387892246789611,
            "le_cd": 12.54133932391215,
            "lr_cd": 0.199382060442213,
            "seld": 1.028771648068565
          }
        },
        "0.18": {
          "macro": {
            "f1": 0.056287799083421325,
            "er": 1.6084206381224644,
            "le_cd": 116.03465195802421,
            "lr_cd": 0.08283502692233052,
            "seld": 1.0284836918597673
          },
          "micro": {
            "f1": 0.15632237688618553,
            "er": 2.089195713044318,
            "le_cd": 12.560590333820727,
            "lr_cd": 0.19355025586559815,
            "seld": 0.9522760344256623
          }
        },
        "0.22": {
          "macro": {
            "f1": 0.05977475074292166,
            "er": 1.4509989899117999,
            "le_cd": 128.59822468032783,
            "lr_cd": 0.0800616627274773,
            "seld": 1.0063992894996945
          },
          "micro": {
            "f1": 0.16714201586550118,
            "er": 1.8571143510025425,
            "le_cd": 12.599857968382558,
            "lr_cd": 0.18634739789514337,
            "seld": 0.8934060370443391
          }
        },
        "0.30": {
          "macro": {
            "f1": 0.06405827594653891,
            "er": 1.266588650421998,
            "le_cd": 128.5963281351371,
            "lr_cd": 0.07420505555461493,
            "seld": 0.9606873410290124
          },
          "micro": {
            "f1": 0.17866917064596655,
            "er": 1.582111937176145,
            "le_cd": 12.655910031556626,
            "lr_cd": 0.1720832931028934,
            "seld": 0.8254175211784277
          }
        }
      }
    },
    {
      "spec": {
        "variant": "seldnet_official",
        "seed": 1,
        "specaug": false
      },
      "n_clips_eval": 78,
      "thresholds": {
        "0.10": {
          "macro": {
            "f1": 0.05222783471958893,
            "er": 2.6754248699766587,
            "le_cd": 77.57736533875081,
            "lr_cd": 0.10952984195461621,
            "seld": 1.2361631390738783
          },
          "micro": {
            "f1": 0.09978799709183331,
            "er": 3.7937369251070128,
            "le_cd": 11.897146747627387,
            "lr_cd": 0.21026680827781533,
            "seld": 1.3874443448616012
          }
        },
        "0.15": {
          "macro": {
            "f1": 0.04642064370207713,
            "er": 1.747228374596182,
            "le_cd": 115.72682207913651,
            "lr_cd": 0.0834738618711093,
            "seld": 1.065065164587883
          },
          "micro": {
            "f1": 0.12862025316455697,
            "er": 2.658646326156223,
            "le_cd": 11.859582817825595,
            "lr_cd": 0.1962151202085546,
            "seld": 1.0999243809983135
          }
        },
        "0.18": {
          "macro": {
            "f1": 0.04982599624508985,
            "er": 1.5607113092870992,
            "le_cd": 128.29201060016157,
            "lr_cd": 0.08077870521033746,
            "seld": 1.0357100000136978
          },
          "micro": {
            "f1": 0.1417046500181892,
            "er": 2.323587911557401,
            "le_cd": 11.846699741303642,
            "lr_cd": 0.1918123008593222,
            "seld": 1.0139714898106718
          }
        },
        "0.22": {
          "macro": {
            "f1": 0.05426697084504138,
            "er": 1.4385273859158447,
            "le_cd": 128.2799857330762,
            "lr_cd": 0.07873666546221274,
            "seld": 1.0045475842536424
          },
          "micro": {
            "f1": 0.15309943068979212,
            "er": 2.058717131730553,
            "le_cd": 11.804474847748116,
            "lr_cd": 0.1860834862090052,
            "seld": 0.9462786576631447
          }
        },
        "0.30": {
          "macro": {
            "f1": 0.059366284230849505,
            "er": 1.3137460776765715,
            "le_cd": 128.25560837714173,
            "lr_cd": 0.07467671123312689,
            "seld": 0.9730585599658456
          },
          "micro": {
            "f1": 0.1665323186224779,
            "er": 1.7503974767468058,
            "le_cd": 11.7245016181068,
            "lr_cd": 0.1748704579833285,
            "seld": 0.8685327050603983
          }
        }
      }
    },
    {
      "spec": {
        "variant": "seldnet_official",
        "seed": 2,
        "specaug": false
      },
      "n_clips_eval": 78,
      "thresholds": {
        "0.10": {
          "macro": {
            "f1": 0.030789875688060967,
            "er": 7.692948793403517,
            "le_cd": 52.23656167429249,
            "lr_cd": 0.08527765400667976,
            "seld": 2.466771096030378
          },
          "micro": {
            "f1": 0.06350226458729627,
            "er": 5.140137105339384,
            "le_cd": 12.508669479212122,
            "lr_cd": 0.17427182903672234,
            "seld": 1.7429639049833026
          }
        },
        "0.15": {
          "macro": {
            "f1": 0.02748240440598428,
            "er": 1.976126318328831,
            "le_cd": 103.00570598513421,
            "lr_cd": 0.05713681901166619,
            "seld": 1.1159402542627037
          },
          "micro": {
            "f1": 0.08408625330842726,
            "er": 3.13409288403978,
            "le_cd": 12.41344750725469,
            "lr_cd": 0.14386405329728685,
            "seld": 1.243776543674148
          }
        },
        "0.18": {
          "macro": {
            "f1": 0.029863709798739282,
            "er": 1.710334717801703,
            "le_cd": 128.57283523235827,
            "lr_cd": 0.05207947821085475,
            "seld": 1.0856712647151914
          },
          "micro": {
            "f1": 0.0921531655993916,
            "er": 2.5971355926748414,
            "le_cd": 12.40763537818693,
            "lr_cd": 0.13181423192044028,
            "seld": 1.110524875702901
          }
        },
        "0.22": {
          "macro": {
            "f1": 0.03362033166876928,
            "er": 1.5170284346099967,
            "le_cd": 128.55446562261352,
            "lr_cd": 0.047507890173610574,
            "seld": 1.0375229221122007
          },