{
  "spec": {
    "variant": "seldnet_official",
    "seed": 1,
    "suffix": "foa_baseline_mc8_inmem"
  },
  "n_clips_eval": 78,
  "thresholds": {
    "0.10": {
      "macro": {
        "f1": 0.01435841595217873,
        "er": 2.584860701664076,
        "le_cd": 103.298380777738,
        "lr_cd": 0.027511693338319463,
        "seld": 1.2792176213958084
      },
      "micro": {
        "f1": 0.026968474305127166,
        "er": 4.244034630362718,
        "le_cd": 12.62290187972926,
        "lr_cd": 0.05881368478645682,
        "seld": 1.5570949259840743
      }
    },
    "0.15": {
      "macro": {
        "f1": 0.011522581199559335,
        "er": 1.8057597333575233,
        "le_cd": 116.02149816587806,
        "lr_cd": 0.018363679904910613,
        "seld": 1.1051093377380938
      },
      "micro": {
        "f1": 0.029956282563501503,
        "er": 2.919391072060764,
        "le_cd": 12.022141788424472,
        "lr_cd": 0.045077403366483214,
        "seld": 1.2277867656832844
      }
    },
    "0.18": {
      "macro": {
        "f1": 0.009612298206242924,
        "er": 1.5856627230988893,
        "le_cd": 128.5097844959492,
        "lr_cd": 0.013860048985553246,
        "seld": 1.0690334057767026
      },
      "micro": {
        "f1": 0.02997615297387207,
        "er": 2.4062373274114126,
        "le_cd": 11.424981889376625,
        "lr_cd": 0.03717936339351807,
        "seld": 1.1006384831629177
      }
    },
    "0.22": {
      "macro": {
        "f1": 0.009259300023479775,
        "er": 1.3949184755518935,
        "le_cd": 128.46119728079137,
        "lr_cd": 0.010379484048207046,
        "seld": 1.0222382524267064
      },
      "micro": {
        "f1": 0.028822570082056683,
        "er": 1.9472434102539344,
        "le_cd": 11.555918429453627,
        "lr_cd": 0.02889511119693605,
        "seld": 0.9884313189513099
      }
    },
    "0.30": {
      "macro": {
        "f1": 0.00488038668370815,
        "er": 1.1981724389416526,
        "le_cd": 141.62775647358472,
        "lr_cd": 0.004579367404155028,
        "seld": 0.9938833885378706
      },
      "micro": {
        "f1": 0.016974952324756064,
        "er": 1.4798622509735766,
        "le_cd": 12.397208290812817,
        "lr_cd": 0.012777187731325029,
        "seld": 0.8797458725777251
      }
    }
  }
}