{
  "spec": {
    "variant": "full_xl",
    "seed": 3,
    "suffix": "cap_xl_mc8_inmem"
  },
  "n_clips_eval": 78,
  "thresholds": {
    "0.10": {
      "macro": {
        "f1": 0.026157448130153256,
        "er": 58.918137619652924,
        "le_cd": 38.47399056703272,
        "lr_cd": 0.13902327969259443,
        "seld": 15.24167532096731
      },
      "micro": {
        "f1": 0.043507209737423766,
        "er": 8.562646841105854,
        "le_cd": 12.375894392136761,
        "lr_cd": 0.19474107688841685,
        "seld": 2.5982883808313044
      }
    },
    "0.15": {
      "macro": {
        "f1": 0.03765275864101246,
        "er": 9.37840141548605,
        "le_cd": 51.0830406038039,
        "lr_cd": 0.11521720019597902,
        "seld": 2.8773315316675476
      },
      "micro": {
        "f1": 0.07198958822016072,
        "er": 4.736661195326832,
        "le_cd": 12.36133486612528,
        "lr_cd": 0.18372115477454862,
        "seld": 1.6374061337304266
      }
    },
    "0.18": {
      "macro": {
        "f1": 0.04391180599672111,
        "er": 3.986436247722662,
        "le_cd": 51.00812521590363,
        "lr_cd": 0.10298266930136536,
        "seld": 1.5307300614615655
      },
      "micro": {
        "f1": 0.08479662935557399,
        "er": 3.8198834926458756,
        "le_cd": 12.352501014212253,
        "lr_cd": 0.17696244086125326,
        "seld": 1.4066873570158902
      }
    },
    "0.22": {
      "macro": {
        "f1": 0.04933113736084011,
        "er": 2.4088492276529068,
        "le_cd": 63.7042057757277,
        "lr_cd": 0.08999559573648043,
        "seld": 1.1558586872162961
      },
      "micro": {
        "f1": 0.09886491057492075,
        "er": 3.114132148949181,
        "le_cd": 12.37617177337911,
        "lr_cd": 0.17082810337613852,
        "seld": 1.228298911212557
      }
    },
    "0.30": {
      "macro": {
        "f1": 0.052269576179001215,
        "er": 1.676567218219307,
        "le_cd": 103.12268613158018,
        "lr_cd": 0.07480342279310206,
        "seld": 1.030599507772329
      },
      "micro": {
        "f1": 0.12158733033002905,
        "er": 2.3106626758070226,
        "le_cd": 12.388387611357961,
        "lr_cd": 0.15991760805896174,
        "seld": 1.024495528259172
      }
    }
  }
}