{
  "spec": {
    "variant": "full",
    "seed": 4,
    "suffix": "mc8_inmem_specaug_weak"
  },
  "n_clips_eval": 78,
  "thresholds": {
    "0.10": {
      "macro": {
        "f1": 0.027757439145876358,
        "er": 5.5628545782915495,
        "le_cd": 89.76717409765675,
        "lr_cd": 0.06658296896070674,
        "seld": 1.9918051732374316
      },
      "micro": {
        "f1": 0.06929531204283687,
        "er": 3.808451610826816,
        "le_cd": 11.236823809248813,
        "lr_cd": 0.14177850728975572,
        "seld": 1.4149511476086238
      }
    },
    "0.15": {
      "macro": {
        "f1": 0.033216162162244975,
        "er": 2.2827565640488916,
        "le_cd": 115.2935757262062,
        "lr_cd": 0.05669349652194577,
        "seld": 1.2083416926275727
      },
      "micro": {
        "f1": 0.08390231120183764,
        "er": 2.7904669949470566,
        "le_cd": 11.108900192563544,
        "lr_cd": 0.12778475105403753,
        "seld": 1.1601240112180224
      }
    },
    "0.18": {
      "macro": {
        "f1": 0.03550706278535347,
        "er": 1.883656907795678,
        "le_cd": 115.32565412025923,
        "lr_cd": 0.05370352651229593,
        "seld": 1.1087860992359784
      },
      "micro": {
        "f1": 0.09061454396649254,
        "er": 2.4317595185220946,
        "le_cd": 11.096732362131522,
        "lr_cd": 0.12115477454861447,
        "seld": 1.0704096782824852
      }
    },
    "0.22": {
      "macro": {
        "f1": 0.03786317826192763,
        "er": 1.4978428789850868,
        "le_cd": 115.44898793804671,
        "lr_cd": 0.04907357302702155,
        "seld": 1.0130723485046549
      },
      "micro": {
        "f1": 0.09819281247852678,
        "er": 2.02745968909916,
        "le_cd": 11.147477525568743,
        "lr_cd": 0.11037945350970359,
        "seld": 0.9702044634521334
      }
    },
    "0.30": {
      "macro": {
        "f1": 0.04026895023901238,
        "er": 1.2139674358964387,
        "le_cd": 128.0849889941719,
        "lr_cd": 0.03947824035990955,
        "seld": 0.9614508793718402
      },
      "micro": {
        "f1": 0.10386933503318917,
        "er": 1.511190499179299,
        "le_cd": 11.275985767408038,
        "lr_cd": 0.08758005857552058,
        "seld": 0.8455963677362696
      }
    }
  }
}