{
  "spec": {
    "variant": "full_xl",
    "seed": 2,
    "suffix": "cap_xl_mc8_inmem"
  },
  "n_clips_eval": 78,
  "thresholds": {
    "0.10": {
      "macro": {
        "f1": 0.03285262383183554,
        "er": 46.85049497133054,
        "le_cd": 25.364584775534915,
        "lr_cd": 0.21991934080012232,
        "seld": 12.184659341640666
      },
      "micro": {
        "f1": 0.04968442920736233,
        "er": 9.445875575295291,
        "le_cd": 11.983287294586662,
        "lr_cd": 0.2469247851694506,
        "seld": 2.8039600448054345
      }
    },
    "0.15": {
      "macro": {
        "f1": 0.05561656282518406,
        "er": 8.329148773236064,
        "le_cd": 25.707579154404264,
        "lr_cd": 0.17486683549320892,
        "seld": 2.5603713147772016
      },
      "micro": {
        "f1": 0.08466007678960386,
        "er": 5.107025844034631,
        "le_cd": 11.98089998321202,
        "lr_cd": 0.2361752116121142,
        "seld": 1.7131877777738005
      }
    },
    "0.18": {
      "macro": {
        "f1": 0.0711793469896471,
        "er": 4.703841542960991,
        "le_cd": 26.099728860161175,
        "lr_cd": 0.15614629641193453,
        "seld": 1.6553785983067428
      },
      "micro": {
        "f1": 0.10480744112873164,
        "er": 3.9264008239194106,
        "le_cd": 11.964433636125626,
        "lr_cd": 0.22984776801519102,
        "seld": 1.4145536726329353
      }
    },
    "0.22": {
      "macro": {
        "f1": 0.0846972310092767,
        "er": 2.9486815855409194,
        "le_cd": 51.47477795602313,
        "lr_cd": 0.14432194682021263,
        "seld": 1.251408349089001
      },
      "micro": {
        "f1": 0.12838585032703106,
        "er": 3.028850053104181,
        "le_cd": 11.93046517294436,
        "lr_cd": 0.22306974349071482,
        "seld": 1.185918705339587
      }
    },
    "0.30": {
      "macro": {
        "f1": 0.09879681520401322,
        "er": 1.8874688041730692,
        "le_cd": 64.28684078497966,
        "lr_cd": 0.12722645170045715,
        "seld": 1.004648663185177
      },
      "micro": {
        "f1": 0.15878715243324024,
        "er": 2.2319011296707543,
        "le_cd": 11.899466969824486,
        "lr_cd": 0.21064658363103858,
        "seld": 0.9821438858597085
      }
    }
  }
}