{
  "spec": {
    "variant": "full_xl",
    "seed": 1,
    "suffix": "cap_xl_mc8_inmem"
  },
  "n_clips_eval": 78,
  "thresholds": {
    "0.10": {
      "macro": {
        "f1": 0.030362371325884867,
        "er": 24.67524872599146,
        "le_cd": 26.232484476224105,
        "lr_cd": 0.1406819067287493,
        "seld": 6.662485118201184
      },
      "micro": {
        "f1": 0.05221863637784482,
        "er": 8.00197611921084,
        "le_cd": 12.44457389920703,
        "lr_cd": 0.22043706349972644,
        "seld": 2.4496142352488826
      }
    },
    "0.15": {
      "macro": {
        "f1": 0.043520159123478015,
        "er": 5.8640334195900925,
        "le_cd": 39.275019914656085,
        "lr_cd": 0.11641516878454006,
        "seld": 1.9805731616908744
      },
      "micro": {
        "f1": 0.08407603388838383,
        "er": 4.552540954587879,
        "le_cd": 12.430403566729126,
        "lr_cd": 0.20894724984712432,
        "seld": 1.5821438671113275
      }
    },
    "0.18": {
      "macro": {
        "f1": 0.04983393799614247,
        "er": 3.9011268804539703,
        "le_cd": 51.9418710018232,
        "lr_cd": 0.10522920052822136,
        "seld": 1.5086574229849339
      },
      "micro": {
        "f1": 0.09974418813391975,
        "er": 3.6153712464999517,
        "le_cd": 12.416722274292328,
        "lr_cd": 0.20028322229731904,
        "seld": 1.3460814066203621
      }
    },
    "0.22": {
      "macro": {
        "f1": 0.056869274940852664,
        "er": 2.7481886034286367,
        "le_cd": 64.58768493914376,
        "lr_cd": 0.0921954984926078,
        "seld": 1.2394860754698271
      },
      "micro": {
        "f1": 0.11874457680050224,
        "er": 2.8372051108750926,
        "le_cd": 12.421757203782521,
        "lr_cd": 0.1911493032087799,
        "seld": 1.1490802482772617
      }
    },
    "0.30": {
      "macro": {
        "f1": 0.06395919087390489,
        "er": 1.7532633501418486,
        "le_cd": 65.0702284694448,
        "lr_cd": 0.08196268671578842,
        "seld": 0.9922106854567121
      },
      "micro": {
        "f1": 0.14377396740036572,
        "er": 2.082527115316533,
        "le_cd": 12.492828238442057,
        "lr_cd": 0.17484471050175404,
        "seld": 0.9583282596847729
      }
    }
  }
}