{
  "spec": {
    "variant": "full_xs",
    "seed": 1,
    "suffix": "cap_xs_mc8_inmem"
  },
  "n_clips_eval": 78,
  "thresholds": {
    "0.10": {
      "macro": {
        "f1": 0.04129135598726176,
        "er": 9.061195812830311,
        "le_cd": 38.27038371243319,
        "lr_cd": 0.13257669073049225,
        "seld": 2.774985252239852
      },
      "micro": {
        "f1": 0.0753997045377064,
        "er": 5.446699494705674,
        "le_cd": 12.441305801391591,
        "lr_cd": 0.22208490232049177,
        "seld": 1.8045833133526907
      }
    },
    "0.15": {
      "macro": {
        "f1": 0.052619502622598,
        "er": 3.0707253129720575,
        "le_cd": 51.81322219728565,
        "lr_cd": 0.09998697169383745,
        "seld": 1.3014925182712467
      },
      "micro": {
        "f1": 0.10697516367002517,
        "er": 3.433973801937498,
        "le_cd": 12.42851887952389,
        "lr_cd": 0.2056773196871681,
        "seld": 1.2975921614221928
      }
    },
    "0.18": {
      "macro": {
        "f1": 0.05476021967695276,
        "er": 2.1183379046088926,
        "le_cd": 76.79837534294046,
        "lr_cd": 0.08998347005381767,
        "seld": 1.100062963918059
      },
      "micro": {
        "f1": 0.1214306084117572,
        "er": 2.8754336841427697,
        "le_cd": 12.411300487278554,
        "lr_cd": 0.1987126259212771,
        "seld": 1.1560605297958764
      }
    },
    "0.22": {
      "macro": {
        "f1": 0.05140472591309217,
        "er": 1.6853363190163009,
        "le_cd": 90.59663661425317,
        "lr_cd": 0.08122827504867428,
        "seld": 1.0140044914778743
      },
      "micro": {
        "f1": 0.13434144203374973,
        "er": 2.4408612532586655,
        "le_cd": 12.37563345003826,
        "lr_cd": 0.1893984744617167,
        "seld": 1.0464687139825197
      }
    },
    "0.30": {
      "macro": {
        "f1": 0.05408483164550001,
        "er": 1.4014469224248214,
        "le_cd": 115.70260457007515,
        "lr_cd": 0.07390113253245673,
        "seld": 0.9790633014645983
      },
      "micro": {
        "f1": 0.15459230758309314,
        "er": 1.9164043641981268,
        "le_cd": 12.314558867324564,
        "lr_cd": 0.1752180489845837,
        "seld": 0.9137520558900077
      }
    }
  }
}