{
  "thresholds": {
    "0.10": {
      "macro": {
        "f1": 0.038276458735684755,
        "er": 11.936205527027699,
        "le_cd": 38.25444146980162,
        "lr_cd": 0.16008724902773339,
        "seld": 3.4875916235241284
      },
      "micro": {
        "f1": 0.06856539148757096,
        "er": 6.0835441408387245,
        "le_cd": 11.591841632100262,
        "lr_cd": 0.22391297351227832,
        "seld": 1.9638662240043026
      }
    },
    "0.15": {
      "macro": {
        "f1": 0.05557350143971458,
        "er": 3.788986865810877,
        "le_cd": 50.92173132069432,
        "lr_cd": 0.12996189655628904,
        "seld": 1.4715874937880158
      },
      "micro": {
        "f1": 0.10110001614279454,
        "er": 3.763541566090567,
        "le_cd": 11.518085637962361,
        "lr_cd": 0.21164429854204886,
        "seld": 1.3786966540152674
      }
    },
    "0.18": {
      "macro": {
        "f1": 0.062051055960162395,
        "er": 2.6447790274360745,
        "le_cd": 51.156274208660236,
        "lr_cd": 0.11705493007284032,
        "seld": 1.1874686411961295
      },
      "micro": {
        "f1": 0.1167497832139943,
        "er": 3.1077467735187154,
        "le_cd": 11.50760344729604,
        "lr_cd": 0.20539409738984907,
        "seld": 1.2123835057944068
      }
    },
    "0.22": {
      "macro": {
        "f1": 0.06136038005383801,
        "er": 2.0499981735944384,
        "le_cd": 64.24105272895805,
        "lr_cd": 0.10106643769586811,
        "seld": 1.0611165233069582
      },
      "micro": {
        "f1": 0.1312874659839472,
        "er": 2.603475910012552,
        "le_cd": 11.524249160103338,
        "lr_cd": 0.19673006984004376,
        "seld": 1.084870495158395
      }
    },
    "0.30": {
      "macro": {
        "f1": 0.057452757777242715,
        "er": 1.5874334244820527,
        "le_cd": 115.59931676882373,
        "lr_cd": 0.0809242203141228,
        "seld": 1.0228187182210382
      },
      "micro": {
        "f1": 0.15406699340662905,
        "er": 2.0142576679218562,
        "le_cd": 11.516959260207917,
        "lr_cd": 0.18342505873644235,
        "seld": 0.935187180694985
      }
    }
  },
  "n_clips_eval": 78
}