{
  "ckpt": "D:\\ssl-research\\week11_starss23\\runs\\no_geom_seed0_mc8_inmem\\best.pt",
  "args": {
    "ckpt": "D:\\ssl-research\\week11_starss23\\runs\\no_geom_seed0_mc8_inmem\\best.pt",
    "audio_dir": "D:\\ssl-research\\data\\STARSS23\\mic_dev",
    "metadata_dir": "D:\\ssl-research\\data\\STARSS23\\metadata_dev\\metadata_dev",
    "cache_dir": "D:\\ssl-research\\data\\STARSS23\\feat_cache",
    "split": "test",
    "activity_threshold": 0.1,
    "nms_tol_deg": 15.0,
    "tolerance_deg": 20.0,
    "out_json": "D:\\ssl-research\\week11_starss23\\runs\\no_geom_seed0_mc8_inmem\\eval_test_t010_partial.json"
  },
  "macro": {
    "f1": 0.02255341856366577,
    "er": 27.93931940179622,
    "le_cd": 38.71141893479776,
    "lr_cd": 0.08945728680309697,
    "seld": 7.510593033739028
  },
  "micro": {
    "f1": 0.04050481573511895,
    "er": 6.922255479385923,
    "le_cd": 12.439729143616,
    "lr_cd": 0.14611052106465836,
    "seld": 2.201187437234892
  },
  "per_class": {
    "precision": [
      0.019133096778682253,
      0.035868526764513624,
      0.002238730029510532,
      0.002904773932811316,
      0.005847694800412432,
      0.021756213655448033,
      0.004338502967137087,
      0.0,
      0.05009546125141022,
      0.028747735507246377,
      0.0038199832875731167,
      0.0005640987908665048,
      0.0
    ],
    "recall": [
      0.11163597446211758,
      0.16118503640472007,
      0.062411347517730496,
      0.12806236080178174,
      0.09853561677835691,
      0.17779816513761468,
      0.037589112119248216,
      0.0,
      0.21996760979327426,
      0.09823190312221922,
      0.04788627010849233,
      0.01964133219470538,
      0.0
    ],
    "f1": [
      0.03266738660907128,
      0.05867917026556437,
      0.004322412692175451,
      0.005680695514720411,
      0.011040198000528374,
      0.03876852907639681,
      0.007779143847099586,
      0.0,
      0.08160596582374667,
      0.04447870225196422,
      0.007075536883999888,
      0.001096700362387946,
      0.0
    ],
    "le_cd": [
      14.617439099128331,
      12.833684140531345,
      15.971247304865159,
      10.859209215612442,
      14.058823809145023,
      13.33360901395788,
      13.311298429754004,
      180.0,
      10.702669250984247,
      12.155936355928858,
      14.894529157661568,
      10.510000374802047,
      180.0
    ],
    "lr_cd": [
      0.11163597446211758,
      0.16118503640472007,
      0.062411347517730496,
      0.12806236080178174,
      0.09853561677835691,
      0.17779816513761468,
      0.037589112119248216,
      0.0,
      0.21996760979327426,
      0.09823190312221922,
      0.04788627010849233,
      0.01964133219470538,
      0.0
    ],
    "er_cd": [
      6.611432999963095,
      5.171403464725081,
      28.7531914893617,
      44.83073496659243,
      17.653263837180443,
      8.816697247706422,
      9.588896089868221,
      28.110516934046345,
      4.951033628655806,
      4.220567183812435,
      13.439955106621774,
      35.7796754910333,
      155.28378378378378
    ]
  },
  "n_ref_per_class": [
    27097,
    39830,
    705,
    898,
    4029,
    16350,
    4629,
    561,
    31491,
    25847,
    2673,
    1171,
    74
  ],
  "tp_per_class": [
    3025,
    6420,
    44,
    115,
    397,
    2907,
    174,
    0,
    6927,
    2539,
    128,
    23,
    0
  ],
  "fp_per_class": [
    155078,
    172567,
    19610,
    39475,
    67493,
    130710,
    39932,
    15209,
    131349,
    85781,
    33380,
    40750,
    11417
  ],
  "fn_per_class": [
    24072,
    33410,
    661,
    783,
    3632,
    13443,
    4455,
    561,
    24564,
    23308,
    2545,
    1148,
    74
  ],
  "elapsed_s": 137.71446970000034
}