{
  "spec": {
    "variant": "no_geom_xs",
    "seed": 4,
    "suffix": "cap_xs_mc8_inmem"
  },
  "n_clips_eval": 78,
  "thresholds": {
    "0.10": {
      "macro": {
        "f1": 0.03395746896508297,
        "er": 12.975148003099637,
        "le_cd": 39.418523217091774,
        "lr_cd": 0.10994284267059956,
        "seld": 3.762559871778616
      },
      "micro": {
        "f1": 0.061424990564180514,
        "er": 4.8180425477133015,
        "le_cd": 12.61148618017834,
        "lr_cd": 0.157658266550803,
        "seld": 1.667255775677605
      }
    },
    "0.15": {
      "macro": {
        "f1": 0.03338452121961095,
        "er": 2.6646085408640805,
        "le_cd": 77.48649755130899,
        "lr_cd": 0.06278908481604066,
        "seld": 1.2497288691950363
      },
      "micro": {
        "f1": 0.08011080310885861,
        "er": 3.0481606642850245,
        "le_cd": 12.459524332610922,
        "lr_cd": 0.13272826751633357,
        "seld": 1.226135293321362
      }
    },
    "0.18": {
      "macro": {
        "f1": 0.030227208823531103,
        "er": 1.902779247787992,
        "le_cd": 90.93092804168228,
        "lr_cd": 0.05480778938343371,
        "seld": 1.0807290180087044
      },
      "micro": {
        "f1": 0.0870577065324192,
        "er": 2.661433491036658,
        "le_cd": 12.42124589915957,
        "lr_cd": 0.1268964629397187,
        "seld": 1.1291215608066296
      }
    },
    "0.22": {
      "macro": {
        "f1": 0.031713132789180885,
        "er": 1.621329069482076,
        "le_cd": 115.69770843234848,
        "lr_cd": 0.05102343889292703,
        "seld": 1.0453393861615872
      },
      "micro": {
        "f1": 0.09496899732822504,
        "er": 2.311235557272054,
        "le_cd": 12.39477607424792,
        "lr_cd": 0.12126420134530591,
        "seld": 1.0409655564194196
      }
    },
    "0.30": {
      "macro": {
        "f1": 0.03511001618827654,
        "er": 1.3744315385979249,
        "le_cd": 128.66336262946257,
        "lr_cd": 0.046232057217110135,
        "seld": 1.001971481061277
      },
      "micro": {
        "f1": 0.10514775655100618,
        "er": 1.8756847220881208,
        "le_cd": 12.42773267988137,
        "lr_cd": 0.11019922113868237,
        "seld": 0.9323451759327765
      }
    }
  }
}