{
  "spec": {
    "variant": "full_l",
    "seed": 0,
    "suffix": "cap_l_mc8_inmem"
  },
  "n_clips_eval": 78,
  "thresholds": {
    "0.10": {
      "macro": {
        "f1": 0.03461864410137103,
        "er": 22.231913603729424,
        "le_cd": 25.727880470717817,
        "lr_cd": 0.18649511044243272,
        "seld": 6.0384331296168465
      },
      "micro": {
        "f1": 0.05933731501610495,
        "er": 7.055009494383831,
        "le_cd": 12.747636052531343,
        "lr_cd": 0.22251617263686396,
        "seld": 2.2109940517556756
      }
    },
    "0.15": {
      "macro": {
        "f1": 0.05184612348856847,
        "er": 5.332516886001293,
        "le_cd": 51.71535095108659,
        "lr_cd": 0.15271907216511624,
        "seld": 1.8538147989078557
      },
      "micro": {
        "f1": 0.09186405709196271,
        "er": 4.147957902867626,
        "le_cd": 12.760660166119724,
        "lr_cd": 0.20979691673908146,
        "seld": 1.479297371378756
      }
    },
    "0.18": {
      "macro": {
        "f1": 0.06136581032338484,
        "er": 3.54147534043782,
        "le_cd": 51.91427943595095,
        "lr_cd": 0.1394518615471567,
        "seld": 1.4072675830250847
      },
      "micro": {
        "f1": 0.10750654714365555,
        "er": 3.402355894564063,
        "le_cd": 12.784225289673781,
        "lr_cd": 0.20491776898072156,
        "seld": 1.2902387630678016
      }
    },
    "0.22": {
      "macro": {
        "f1": 0.06964233956487717,
        "er": 2.541279909207197,
        "le_cd": 65.27667831015059,
        "lr_cd": 0.12419263085229362,
        "seld": 1.177523287906049
      },
      "micro": {
        "f1": 0.123738710557133,
        "er": 2.8128351195648675,
        "le_cd": 12.803558920592675,
        "lr_cd": 0.19860319912458563,
        "seld": 1.1404060231938327
      }
    },
    "0.30": {
      "macro": {
        "f1": 0.07979235973579026,
        "er": 1.7554688229202968,
        "le_cd": 65.26133076508053,
        "lr_cd": 0.10189157170730938,
        "seld": 0.9840869600430222
      },
      "micro": {
        "f1": 0.14798166598828463,
        "er": 2.169321875704033,
        "le_cd": 12.806153341446366,
        "lr_cd": 0.18838788580991922,
        "seld": 0.9760244050617994
      }
    }
  }
}