{
  "spec": {
    "variant": "full",
    "seed": 2
  },
  "n_clips_eval": 78,
  "thresholds": {
    "0.10": {
      "macro": {
        "f1": 0.0069665591930130185,
        "er": 3.090644456090342,
        "le_cd": 129.0455092670838,
        "lr_cd": 0.021455961743014066,
        "seld": 1.4447853577706398
      },
      "micro": {
        "f1": 0.015110506148846943,
        "er": 3.2229796273052043,
        "le_cd": 11.5881229261615,
        "lr_cd": 0.024724019181873773,
        "seld": 1.3118808906688453
      }
    },
    "0.15": {
      "macro": {
        "f1": 0.003587599759438181,
        "er": 1.4425020993075721,
        "le_cd": 154.48005654122724,
        "lr_cd": 0.0026602238282602505,
        "seld": 1.0736192030150062
      },
      "micro": {
        "f1": 0.0066432048345023064,
        "er": 1.8114318818190596,
        "le_cd": 9.742618703063702,
        "lr_cd": 0.0060570950403913614,
        "seld": 0.9632143103514077
      }
    },
    "0.18": {
      "macro": {
        "f1": 6.054211136288942e-05,
        "er": 1.3079672878124429,
        "le_cd": 167.59808664826102,
        "lr_cd": 6.839560997891949e-05,
        "seld": 1.0597347078675823
      },
      "micro": {
        "f1": 0.00023331777881474566,
        "er": 1.5445914196517654,
        "le_cd": 18.775126427393385,
        "lr_cd": 0.00018023237102120947,
        "seld": 0.9121210318579733
      }
    },
    "0.22": {
      "macro": {
        "f1": 6.933576338675489e-05,
        "er": 1.2380739419968931,
        "le_cd": 167.59808664826102,
        "lr_cd": 6.839560997891949e-05,
        "seld": 1.0422591730006887
      },
      "micro": {
        "f1": 0.00025370706800708563,
        "er": 1.4204306266293327,
        "le_cd": 18.775126427393385,
        "lr_cd": 0.00018023237102120947,
        "seld": 0.881075736280067
      }
    },
    "0.30": {
      "macro": {
        "f1": 0.0,
        "er": 1.1275982121853683,
        "le_cd": 180.0,
        "lr_cd": 0.0,
        "seld": 1.0318995530463422
      },
      "micro": {
        "f1": 0.0,
        "er": 1.1745743619452222,
        "le_cd": 0.0,
        "lr_cd": 0.0,
        "seld": 0.7936435904863055
      }
    }
  }
}