{
  "per_cell": {
    "110_gca_full": {
      "n_seeds": 5,
      "mae_per_seed": {
        "0": 28.11416015625,
        "1": 28.34968032836914,
        "2": 28.0296989440918,
        "3": 29.246133422851564,
        "4": 28.74494285583496
      },
      "mae_mean": 28.49692314147949,
      "mae_std": 0.5023236566004042
    },
    "111_gca_nogeom": {
      "n_seeds": 5,
      "mae_per_seed": {
        "0": 28.455900573730467,
        "1": 29.493853759765624,
        "2": 27.566411590576173,
        "3": 27.622434234619142,
        "4": 28.734524536132813
      },
      "mae_mean": 28.374624938964843,
      "mae_std": 0.807435179190416
    },
    "112_no_gca": {
      "n_seeds": 5,
      "mae_per_seed": {
        "0": 28.47531394958496,
        "1": 29.39295310974121,
        "2": 28.78611030578613,
        "3": 28.137426376342773,
        "4": 28.38956527709961
      },
      "mae_mean": 28.636273803710942,
      "mae_std": 0.48234750882102834
    }
  },
  "contrasts": {
    "110_gca_full__vs__112_no_gca": {
      "description": "GCA full vs no-GCA control (probing)",
      "n": 5,
      "a_per_seed": [
        28.11416015625,
        28.34968032836914,
        28.0296989440918,
        29.246133422851564,
        28.74494285583496
      ],
      "b_per_seed": [
        28.47531394958496,
        29.39295310974121,
        28.78611030578613,
        28.137426376342773,
        28.38956527709961
      ],
      "delta_per_seed": [
        -0.3611537933349602,
        -1.043272781372071,
        -0.7564113616943331,
        1.1087070465087905,
        0.35537757873535014
      ],
      "delta_mean": -0.13935066223144474,
      "delta_std": 0.8731322651833252,
      "ttest_rel": {
        "t": -0.3568732549285636,
        "p": 0.7392171655418385
      },
      "cohens_dz": -0.15959857147437598
    },
    "110_gca_full__vs__111_gca_nogeom": {
      "description": "GCA full vs no_geom (geometry contribution, probing)",
      "n": 5,
      "a_per_seed": [
        28.11416015625,
        28.34968032836914,
        28.0296989440918,
        29.246133422851564,
        28.74494285583496
      ],
      "b_per_seed": [
        28.455900573730467,
        29.493853759765624,
        27.566411590576173,
        27.622434234619142,
        28.734524536132813
      ],
      "delta_per_seed": [
        -0.3417404174804659,
        -1.144173431396485,
        0.463287353515625,
        1.6236991882324219,
        0.010418319702147016
      ],
      "delta_mean": 0.12229820251464858,
      "delta_std": 1.024972910561703,
      "ttest_rel": {
        "t": 0.26680421651234204,
        "p": 0.802809974064368
      },
      "cohens_dz": 0.11931847296103372
    },
    "111_gca_nogeom__vs__112_no_gca": {
      "description": "no_geom GCA vs no-GCA (channel-attn alone, probing)",
      "n": 5,
      "a_per_seed": [
        28.455900573730467,
        29.493853759765624,
        27.566411590576173,
        27.622434234619142,
        28.734524536132813
      ],
      "b_per_seed": [
        28.47531394958496,
        29.39295310974121,
        28.78611030578613,
        28.137426376342773,
        28.38956527709961
      ],
      "delta_per_seed": [
        -0.01941337585449432,
        0.10090065002441406,
        -1.219698715209958,
        -0.5149921417236314,
        0.3449592590332031
      ],
      "delta_mean": -0.26164886474609333,
      "delta_std": 0.6205110656824485,
      "ttest_rel": {
        "t": -0.9428754460074761,
        "p": 0.39913146187597387
      },
      "cohens_dz": -0.42166671831762986
    }
  },
  "per_ckpt": {
    "110_seed0": {
      "mae_per_fold": [
        29.596845626831055,
        25.00992202758789,
        30.813858032226562,
        30.394392013549805,
        24.755783081054688
      ],
      "mae_mean": 28.11416015625,
      "mae_std": 2.983335930125306
    },
    "110_seed1": {
      "mae_per_fold": [
        28.87071418762207,
        24.955303192138672,
        31.743680953979492,
        30.532472610473633,
        25.646230697631836
      ],
      "mae_mean": 28.34968032836914,
      "mae_std": 2.974295493257362
    },
    "110_seed2": {
      "mae_per_fold": [
        28.668975830078125,
        24.815885543823242,
        31.506397247314453,
        30.06618881225586,
        25.091047286987305
      ],
      "mae_mean": 28.0296989440918,
      "mae_std": 2.983608014856814
    },
    "110_seed3": {
      "mae_per_fold": [
        30.24707794189453,
        26.782974243164062,
        31.27106285095215,
        32.183929443359375,
        25.745622634887695
      ],
      "mae_mean": 29.246133422851564,
      "mae_std": 2.8307950958269514
    },
    "110_seed4": {
      "mae_per_fold": [
        30.96792221069336,
        25.33157730102539,
        30.718833923339844,
        31.817209243774414,
        24.889171600341797
      ],
      "mae_mean": 28.74494285583496,
      "mae_std": 3.3464436459625513
    },
    "111_seed0": {
      "mae_per_fold": [
        28.88838768005371,
        24.945829391479492,
        30.697490692138672,
        31.319156646728516,
        26.428638458251953
      ],
      "mae_mean": 28.455900573730467,
      "mae_std": 2.7313182753463825
    },
    "111_seed1": {
      "mae_per_fold": [
        31.176849365234375,
        25.567720413208008,
        32.697410583496094,
        31.667055130004883,
        26.360233306884766
      ],
      "mae_mean": 29.493853759765624,
      "mae_std": 3.280707047427883
    },
    "111_seed2": {
      "mae_per_fold": [
        27.535493850708008,
        24.815143585205078,
        30.366783142089844,
        30.53917694091797,
        24.57546043395996
      ],
      "mae_mean": 27.566411590576173,
      "mae_std": 2.8807826636176896
    },
    "111_seed3": {
      "mae_per_fold": [
        28.63170623779297,
        25.303775787353516,
        29.815425872802734,
        29.578868865966797,
        24.782394409179688
      ],
      "mae_mean": 27.622434234619142,
      "mae_std": 2.40299198778463
    },
    "111_seed4": {
      "mae_per_fold": [
        29.74774169921875,
        25.170454025268555,
        31.631610870361328,
        31.693265914916992,
        25.429550170898438
      ],
      "mae_mean": 28.734524536132813,
      "mae_std": 3.232619794970629
    },
    "112_seed0": {
      "mae_per_fold": [
        29.161645889282227,
        25.74831771850586,
        31.467424392700195,
        30.833444595336914,
        25.16573715209961
      ],
      "mae_mean": 28.47531394958496,
      "mae_std": 2.888527462239861
    },
    "112_seed1": {
      "mae_per_fold": [
        29.81508445739746,
        26.142934799194336,
        32.45410919189453,
        31.31605339050293,
        27.236583709716797
      ],
      "mae_mean": 29.39295310974121,
      "mae_std": 2.6673832744890524
    },
    "112_seed2": {
      "mae_per_fold": [
        29.032634735107422,
        26.18999671936035,
        31.480281829833984,
        32.44807052612305,
        24.77956771850586
      ],
      "mae_mean": 28.78611030578613,
      "mae_std": 3.298540450255519
    },
    "112_seed3": {
      "mae_per_fold": [
        29.540260314941406,
        25.112157821655273,
        30.380664825439453,
        30.72284698486328,
        24.931201934814453
      ],
      "mae_mean": 28.137426376342773,
      "mae_std": 2.8773506268435103
    },
    "112_seed4": {
      "mae_per_fold": [
        29.34360122680664,
        25.228687286376953,
        31.387361526489258,
        30.400218963623047,
        25.58795738220215
      ],
      "mae_mean": 28.38956527709961,
      "mae_std": 2.8186810595695735
    }
  }
}