{
  "per_cell": {
    "100_foa_repro": {
      "n_seeds": 5,
      "missing_seeds": [],
      "F1": {
        "values": [
          12.31,
          13.56,
          13.66,
          12.17,
          13.62
        ],
        "mean": 13.064,
        "std": 0.7546721142323994,
        "n": 5
      },
      "LE": {
        "values": [
          32.81,
          39.98,
          51.0,
          38.95,
          40.59
        ],
        "mean": 40.666000000000004,
        "std": 6.556091060990535,
        "n": 5
      },
      "DE": {
        "values": [
          0.58,
          0.5,
          0.71,
          0.47,
          0.56
        ],
        "mean": 0.564,
        "std": 0.09289779329994872,
        "n": 5
      },
      "RDE": {
        "values": [
          0.31,
          0.27,
          0.28,
          0.26,
          0.29
        ],
        "mean": 0.28200000000000003,
        "std": 0.019235384061671336,
        "n": 5
      },
      "SELD": {
        "values": [
          0.572,
          0.529,
          0.511,
          0.529,
          0.536
        ],
        "mean": 0.5354,
        "std": 0.022456624857711785,
        "n": 5
      }
    },
    "110_gca_full": {
      "n_seeds": 5,
      "missing_seeds": [],
      "F1": {
        "values": [
          9.78,
          8.93,
          10.04,
          9.67,
          9.51
        ],
        "mean": 9.586,
        "std": 0.41440318531594306,
        "n": 5
      },
      "LE": {
        "values": [
          49.86,
          48.39,
          36.93,
          51.42,
          40.28
        ],
        "mean": 45.376,
        "std": 6.384052788002305,
        "n": 5
      },
      "DE": {
        "values": [
          0.79,
          0.52,
          0.53,
          0.82,
          0.45
        ],
        "mean": 0.622,
        "std": 0.17020575783445163,
        "n": 5
      },
      "RDE": {
        "values": [
          0.34,
          0.25,
          0.25,
          0.32,
          0.24
        ],
        "mean": 0.28,
        "std": 0.04636809247747853,
        "n": 5
      },
      "SELD": {
        "values": [
          0.577,
          0.515,
          0.57,
          0.538,
          0.536
        ],
        "mean": 0.5472,
        "std": 0.02576237566685181,
        "n": 5
      }
    },
    "111_gca_nogeom": {
      "n_seeds": 5,
      "missing_seeds": [],
      "F1": {
        "values": [
          10.37,
          9.35,
          10.16,
          10.56,
          9.5
        ],
        "mean": 9.988,
        "std": 0.535695809205187,
        "n": 5
      },
      "LE": {
        "values": [
          38.04,
          50.44,
          49.97,
          38.48,
          54.36
        ],
        "mean": 46.257999999999996,
        "std": 7.499054607082149,
        "n": 5
      },
      "DE": {
        "values": [
          0.57,
          0.68,
          0.65,
          0.65,
          0.98
        ],
        "mean": 0.706,
        "std": 0.15852444606432156,
        "n": 5
      },
      "RDE": {
        "values": [
          0.3,
          0.28,
          0.29,
          0.27,
          0.34
        ],
        "mean": 0.296,
        "std": 0.027018512172212596,
        "n": 5
      },
      "SELD": {
        "values": [
          0.584,
          0.527,
          0.525,
          0.537,
          0.55
        ],
        "mean": 0.5446,
        "std": 0.02415160450156467,
        "n": 5
      }
    },
    "112_no_gca": {
      "n_seeds": 5,
      "missing_seeds": [],
      "F1": {
        "values": [
          10.4,
          9.14,
          9.71,
          9.83,
          9.5
        ],
        "mean": 9.716000000000001,
        "std": 0.46349757280917875,
        "n": 5
      },
      "LE": {
        "values": [
          46.19,
          41.92,
          43.7,
          46.75,
          52.89
        ],
        "mean": 46.29,
        "std": 4.170929153078483,
        "n": 5
      },
      "DE": {
        "values": [
          0.69,
          0.58,
          0.45,
          0.66,
          0.76
        ],
        "mean": 0.628,
        "std": 0.11861703081766968,
        "n": 5
      },
      "RDE": {
        "values": [
          0.29,
          0.27,
          0.24,
          0.3,
          0.33
        ],
        "mean": 0.286,
        "std": 0.033615472627943226,
        "n": 5
      },
      "SELD": {
        "values": [
          0.556,
          0.585,
          0.539,
          0.598,
          0.615
        ],
        "mean": 0.5786,
        "std": 0.03090792778560216,
        "n": 5
      }
    }
  },
  "contrasts": {
    "110_gca_full__vs__112_no_gca": {
      "description": "GCA full vs no-GCA matched control",
      "metrics": {
        "F1": {
          "n": 5,
          "a_per_seed": [
            9.78,
            8.93,
            10.04,
            9.67,
            9.51
          ],
          "b_per_seed": [
            10.4,
            9.14,
            9.71,
            9.83,
            9.5
          ],
          "delta_per_seed": [
            -0.620000000000001,
            -0.21000000000000085,
            0.3299999999999983,
            -0.16000000000000014,
            0.009999999999999787
          ],
          "delta_mean": -0.13000000000000078,
          "delta_std": 0.34590461112855936,
          "ttest_rel": {
            "t": -0.84037283032037,
            "p": 0.44799757773948584
          },
          "wilcoxon": {
            "W": 5.0,
            "p": 0.625
          },
          "cohens_dz": -0.3758261550080488,
          "bootstrap_95ci": [
            -0.4020000000000007,
            0.13399999999999893
          ]
        },
        "LE": {
          "n": 5,
          "a_per_seed": [
            49.86,
            48.39,
            36.93,
            51.42,
            40.28
          ],
          "b_per_seed": [
            46.19,
            41.92,
            43.7,
            46.75,
            52.89
          ],
          "delta_per_seed": [
            3.6700000000000017,
            6.469999999999999,
            -6.770000000000003,
            4.670000000000002,
            -12.61
          ],
          "delta_mean": -0.914,
          "delta_std": 8.33376745535895,
          "ttest_rel": {
            "t": -0.24523916012566238,
            "p": 0.8183393915319301
          },
          "wilcoxon": {
            "W": 6.0,
            "p": 0.8125
          },
          "cohens_dz": -0.1096742865571874,
          "bootstrap_95ci": [
            -7.986,
            5.19
          ]
        },
        "RDE": {
          "n": 5,
          "a_per_seed": [
            0.34,
            0.25,
            0.25,
            0.32,
            0.24
          ],
          "b_per_seed": [
            0.29,
            0.27,
            0.24,
            0.3,
            0.33
          ],
          "delta_per_seed": [
            0.050000000000000044,
            -0.020000000000000018,
            0.010000000000000009,
            0.020000000000000018,
            -0.09000000000000002
          ],
          "delta_mean": -0.005999999999999994,
          "delta_std": 0.05319774431308157,
          "ttest_rel": {
            "t": -0.2521988110255188,
            "p": 0.8133161385102923
          },
          "wilcoxon": {
            "W": 7.5,
            "p": 1.0
          },
          "cohens_dz": -0.11278673705953668,
          "bootstrap_95ci": [
            -0.04800000000000002,
            0.030000000000000027
          ]
        },
        "DE": {
          "n": 5,
          "a_per_seed": [
            0.79,
            0.52,
            0.53,
            0.82,
            0.45
          ],
          "b_per_seed": [
            0.69,
            0.58,
            0.45,
            0.66,
            0.76
          ],
          "delta_per_seed": [
            0.10000000000000009,
            -0.05999999999999994,
            0.08000000000000002,
            0.15999999999999992,
            -0.31
          ],