{
  "spec": {
    "variant": "seldnet_official",
    "seed": 3,
    "suffix": "foa_baseline_mc8_inmem"
  },
  "n_clips_eval": 78,
  "thresholds": {
    "0.10": {
      "macro": {
        "f1": 0.015831378025751505,
        "er": 3.910848947908372,
        "le_cd": 116.17387356175189,
        "lr_cd": 0.043769471823225214,
        "seld": 1.6241646266839487
      },
      "micro": {
        "f1": 0.04443765136046346,
        "er": 4.144971195004989,
        "le_cd": 13.505342631061128,
        "lr_cd": 0.09637926040359178,
        "seld": 1.5197959911311516
      }
    },
    "0.15": {
      "macro": {
        "f1": 0.021463509688896838,
        "er": 1.9792144850048383,
        "le_cd": 116.05644626793904,
        "lr_cd": 0.0396355338218684,
        "seld": 1.1407183690789893
      },
      "micro": {
        "f1": 0.06056597636343922,
        "er": 2.7885809919217275,
        "le_cd": 13.586055108896616,
        "lr_cd": 0.08989089504682823,
        "seld": 1.1784005511124436
      }
    },
    "0.18": {
      "macro": {
        "f1": 0.02503645270874584,
        "er": 1.6470896847307266,
        "le_cd": 116.03514214345344,
        "lr_cd": 0.0368367975268794,
        "seld": 1.0574640282674606
      },
      "micro": {
        "f1": 0.06636047691787213,
        "er": 2.3448231469859353,
        "le_cd": 13.607549344311826,
        "lr_cd": 0.08333172411573493,
        "seld": 1.067682110577404
      }
    },
    "0.22": {
      "macro": {
        "f1": 0.024443795866016766,
        "er": 1.4363804450596993,
        "le_cd": 129.04980474611878,
        "lr_cd": 0.03053434595891186,
        "seld": 1.0245864157338578
      },
      "micro": {
        "f1": 0.0696828485381784,
        "er": 1.93272183064594,
        "le_cd": 13.74502144059757,
        "lr_cd": 0.07238260757619645,
        "seld": 0.9667544011892768
      }
    },
    "0.30": {
      "macro": {
        "f1": 0.02228586849486279,
        "er": 1.233170492093503,
        "le_cd": 129.15458337825018,
        "lr_cd": 0.01939955517007291,
        "seld": 0.9772526329102671
      },
      "micro": {
        "f1": 0.05804808164714528,
        "er": 1.4685912909143575,
        "le_cd": 14.39711279686813,
        "lr_cd": 0.04525119886711081,
        "seld": 0.8613189925956756
      }
    }
  }
}