{
  "spec": {
    "variant": "no_geom_l",
    "seed": 1,
    "suffix": "cap_l_mc8_inmem"
  },
  "n_clips_eval": 78,
  "thresholds": {
    "0.10": {
      "macro": {
        "f1": 0.027879867072735796,
        "er": 48.43336427649553,
        "le_cd": 25.832727254827486,
        "lr_cd": 0.10496082982705657,
        "seld": 12.611009682752861
      },
      "micro": {
        "f1": 0.0467686241395689,
        "er": 6.510701297029384,
        "le_cd": 12.004754900193753,
        "lr_cd": 0.15971806507675967,
        "seld": 2.0927269226479774
      }
    },
    "0.15": {
      "macro": {
        "f1": 0.029513335386089586,
        "er": 5.79435525884376,
        "le_cd": 102.38868350825494,
        "lr_cd": 0.061599432709662554,
        "seld": 2.0680171275595782
      },
      "micro": {
        "f1": 0.06563498708149909,
        "er": 3.340420327636703,
        "le_cd": 11.815451140719789,
        "lr_cd": 0.11732483666441376,
        "seld": 1.305775474779253
      }
    },
    "0.18": {
      "macro": {
        "f1": 0.03233744339367851,
        "er": 2.998535614212923,
        "le_cd": 102.36577408258421,
        "lr_cd": 0.052645253100908646,
        "seld": 1.3705629156553953
      },
      "micro": {
        "f1": 0.07152405209631678,
        "er": 2.646815358372759,
        "le_cd": 11.709804989062349,
        "lr_cd": 0.10194715329406842,
        "seld": 1.134599656285958
      }
    },
    "0.22": {
      "macro": {
        "f1": 0.030459402314289598,
        "er": 1.7891604933763172,
        "le_cd": 102.4060248637072,
        "lr_cd": 0.04019303840278979,
        "seld": 1.0718576032532916
      },
      "micro": {
        "f1": 0.07783457581013391,
        "er": 2.0773904927424285,
        "le_cd": 11.628804287602597,
        "lr_cd": 0.08767017476103119,
        "seld": 0.9941225526089306
      }
    },
    "0.30": {
      "macro": {
        "f1": 0.03173139127412064,
        "er": 1.2510635965234012,
        "le_cd": 128.25325399551772,
        "lr_cd": 0.03232629814765483,
        "seld": 0.9748809962136255
      },
      "micro": {
        "f1": 0.08672972087916322,
        "er": 1.5258794374175275,
        "le_cd": 11.70444341069693,
        "lr_cd": 0.07245341315052621,
        "seld": 0.8579302472507052
      }
    }
  }
}