{
  "spec": {
    "variant": "no_geom",
    "seed": 3
  },
  "n_clips_eval": 78,
  "thresholds": {
    "0.10": {
      "macro": {
        "f1": 0.01713215679634154,
        "er": 6.683753848283752,
        "le_cd": 115.48748293482595,
        "lr_cd": 0.048031262148246,
        "seld": 2.315046889188716
      },
      "micro": {
        "f1": 0.05537935839637408,
        "er": 4.2848765730102025,
        "le_cd": 12.118343921230176,
        "lr_cd": 0.12560265199060217,
        "seld": 1.5428046738797372
      }
    },
    "0.15": {
      "macro": {
        "f1": 0.016646338065945756,
        "er": 1.6439472690955659,
        "le_cd": 128.55213938978804,
        "lr_cd": 0.029554614667043875,
        "seld": 1.0779812171320164
      },
      "micro": {
        "f1": 0.05538218293346476,
        "er": 2.492002188535934,
        "le_cd": 12.22236491899563,
        "lr_cd": 0.07305204209713237,
        "seld": 1.1078674977082725
      }
    },
    "0.18": {
      "macro": {
        "f1": 0.016072341999983097,
        "er": 1.4286070172370475,
        "le_cd": 128.62893344626062,
        "lr_cd": 0.02054620014540232,
        "seld": 1.0266484152260553
      },
      "micro": {
        "f1": 0.04952143413873733,
        "er": 1.9623829294197161,
        "le_cd": 12.547866981747815,
        "lr_cd": 0.05112162466608735,
        "seld": 0.9828625606839281
      }
    },
    "0.22": {
      "macro": {
        "f1": 0.012024247403020558,
        "er": 1.2695739212238522,
        "le_cd": 128.6756873531907,
        "lr_cd": 0.011275625193444596,
        "seld": 0.9902847445918339
      },
      "micro": {
        "f1": 0.0350579249089068,
        "er": 1.5580316050336327,
        "le_cd": 12.966140273397645,
        "lr_cd": 0.028302919120723503,
        "seld": 0.8916762184084973
      }
    },
    "0.30": {
      "macro": {
        "f1": 0.009640407989467525,
        "er": 1.1473121674702864,
        "le_cd": 128.66663867984116,
        "lr_cd": 0.007024141932259486,
        "seld": 0.9613655692202525
      },
      "micro": {
        "f1": 0.026829353529402956,
        "er": 1.2547327089569051,
        "le_cd": 13.496571441150298,
        "lr_cd": 0.017295870747642498,
        "seld": 0.8213971092826737
      }
    }
  }
}