{
  "spec": {
    "variant": "full_xl",
    "seed": 0,
    "suffix": "cap_xl_mc8_inmem"
  },
  "n_clips_eval": 78,
  "thresholds": {
    "0.10": {
      "macro": {
        "f1": 0.036123604933576116,
        "er": 23.986067415738265,
        "le_cd": 25.022528326744222,
        "lr_cd": 0.18523087514448788,
        "seld": 6.475931745479973
      },
      "micro": {
        "f1": 0.060031337834781776,
        "er": 7.491191142866338,
        "le_cd": 11.445162141405701,
        "lr_cd": 0.23921341443790028,
        "seld": 2.3138826561781443
      }
    },
    "0.15": {
      "macro": {
        "f1": 0.05649630481885573,
        "er": 5.898827233760664,
        "le_cd": 25.115926401340538,
        "lr_cd": 0.16244690699098818,
        "seld": 1.954854236600678
      },
      "micro": {
        "f1": 0.09774560490724396,
        "er": 4.247323871133855,
        "le_cd": 11.416165517992097,
        "lr_cd": 0.2300666216085739,
        "seld": 1.4957336965961647
      }
    },
    "0.18": {
      "macro": {
        "f1": 0.0693978362005427,
        "er": 3.8562469807528,
        "le_cd": 38.58776514564439,
        "lr_cd": 0.15068338563481906,
        "seld": 1.462635557987199
      },
      "micro": {
        "f1": 0.11774952157623784,
        "er": 3.371104888803064,
        "le_cd": 11.405968732399936,
        "lr_cd": 0.2249621833864375,
        "seld": 1.2729399191995414
      }
    },
    "0.22": {
      "macro": {
        "f1": 0.0839459916035284,
        "er": 2.7737055057138758,
        "le_cd": 51.29456446802231,
        "lr_cd": 0.1401729458440347,
        "seld": 1.208639092716609
      },
      "micro": {
        "f1": 0.1385259994037677,
        "er": 2.71571561906601,
        "le_cd": 11.356066644939089,
        "lr_cd": 0.2183450806218017,
        "seld": 1.1054834495447476
      }
    },
    "0.30": {
      "macro": {
        "f1": 0.08990831517442675,
        "er": 1.9339715188533089,
        "le_cd": 63.74635662696175,
        "lr_cd": 0.11218363621180424,
        "seld": 1.0215064982931052
      },
      "micro": {
        "f1": 0.16411490230387868,
        "er": 2.066364133758167,
        "le_cd": 11.34053234147263,
        "lr_cd": 0.20285153358437127,
        "seld": 0.9406001638306356
      }
    }
  }
}