{
  "spec": {
    "variant": "no_geom",
    "seed": 2,
    "suffix": "mc8_inmem_specaug_weak"
  },
  "n_clips_eval": 78,
  "thresholds": {
    "0.10": {
      "macro": {
        "f1": 0.029468507808536184,
        "er": 15.081055553050378,
        "le_cd": 64.96793875795876,
        "lr_cd": 0.12303813945382765,
        "seld": 4.322370474721946
      },
      "micro": {
        "f1": 0.04959318968640657,
        "er": 5.96034244150494,
        "le_cd": 13.803381763795382,
        "lr_cd": 0.1555083518393357,
        "seld": 1.9579815885556262
      }
    },
    "0.15": {
      "macro": {
        "f1": 0.04109870586286886,
        "er": 4.40749632188399,
        "le_cd": 64.0879934878662,
        "lr_cd": 0.09479468954147291,
        "seld": 1.6569118336863928
      },
      "micro": {
        "f1": 0.07050982694437403,
        "er": 3.5872678703614302,
        "le_cd": 13.751069122127129,
        "lr_cd": 0.13606256638022593,
        "seld": 1.3642725763732728
      }
    },
    "0.18": {
      "macro": {
        "f1": 0.036688241936560256,
        "er": 3.3310544024915667,
        "le_cd": 90.7767027338225,
        "lr_cd": 0.07182321984412675,
        "seld": 1.4317144889746956
      },
      "micro": {
        "f1": 0.07823734333979795,
        "er": 2.958392069775675,
        "le_cd": 13.716085828786614,
        "lr_cd": 0.12555115702745326,
        "seld": 1.207701011558754
      }
    },
    "0.22": {
      "macro": {
        "f1": 0.03333676030733084,
        "er": 2.554232445458851,
        "le_cd": 116.22167975745093,
        "lr_cd": 0.054595834467331364,
        "seld": 1.2779939623341734
      },
      "micro": {
        "f1": 0.08457779111869874,
        "er": 2.5126838531106177,
        "le_cd": 13.742409153653718,
        "lr_cd": 0.11607608380805252,
        "seld": 1.0970941739260411
      }
    },
    "0.30": {
      "macro": {
        "f1": 0.034614521044854754,
        "er": 1.5639303136489946,
        "le_cd": 128.937083918299,
        "lr_cd": 0.04637928163724035,
        "seld": 1.0498134109615846
      },
      "micro": {
        "f1": 0.09259259259259259,
        "er": 1.9460590261015094,
        "le_cd": 13.724425581205619,
        "lr_cd": 0.09928872582150558,
        "seld": 0.9576061291179717
      }
    }
  }
}