{
  "spec": {
    "variant": "full_xs",
    "seed": 3,
    "suffix": "cap_xs_mc8_inmem"
  },
  "n_clips_eval": 78,
  "thresholds": {
    "0.10": {
      "macro": {
        "f1": 0.0361526481524868,
        "er": 10.64602876026864,
        "le_cd": 50.73890942939808,
        "lr_cd": 0.15337261546300746,
        "seld": 3.1845965817041173
      },
      "micro": {
        "f1": 0.06573787738706285,
        "er": 6.224872067200927,
        "le_cd": 11.955363201694805,
        "lr_cd": 0.21900164140195036,
        "seld": 2.0016378082164437
      }
    },
    "0.15": {
      "macro": {
        "f1": 0.04937567557064895,
        "er": 3.427175967376083,
        "le_cd": 50.96039411192891,
        "lr_cd": 0.11940670369495966,
        "seld": 1.3853767221830753
      },
      "micro": {
        "f1": 0.09479343015830587,
        "er": 3.923581474687007,
        "le_cd": 11.968580307679307,
        "lr_cd": 0.20543915548260436,
        "seld": 1.4224602504666342
      }
    },
    "0.18": {
      "macro": {
        "f1": 0.055880217794161455,
        "er": 2.5112685058272337,
        "le_cd": 64.15549333584687,
        "lr_cd": 0.10823149971673408,
        "seld": 1.1758940489344274
      },
      "micro": {
        "f1": 0.10927126647402917,
        "er": 3.2541083325287246,
        "le_cd": 11.991139134927145,
        "lr_cd": 0.1996009140355959,
        "seld": 1.2529633979143957
      }
    },
    "0.22": {
      "macro": {
        "f1": 0.05475161345727328,
        "er": 1.9387616700627563,
        "le_cd": 76.31563932733062,
        "lr_cd": 0.08845222277008429,
        "seld": 1.0548834019690312
      },
      "micro": {
        "f1": 0.12322703006756262,
        "er": 2.698934697949857,
        "le_cd": 12.064444165568835,
        "lr_cd": 0.1896623861478549,
        "seld": 1.1132674928857889
      }
    },
    "0.30": {
      "macro": {
        "f1": 0.05570534641420667,
        "er": 1.4954708841588098,
        "le_cd": 115.6401112013689,
        "lr_cd": 0.07572804511437158,
        "seld": 1.0016206387150146
      },
      "micro": {
        "f1": 0.14211333760652328,
        "er": 2.102088764442728,
        "le_cd": 12.171291128759117,
        "lr_cd": 0.17411090727688197,
        "seld": 0.9633707009019962
      }
    }
  }
}