{
  "spec": {
    "variant": "seldnet_official",
    "seed": 0,
    "suffix": "foa_baseline_mc8_inmem"
  },
  "n_clips_eval": 78,
  "thresholds": {
    "0.10": {
      "macro": {
        "f1": 0.012245051328946181,
        "er": 4.111936824466929,
        "le_cd": 128.94796048921893,
        "lr_cd": 0.030606138419691956,
        "seld": 1.6963657982479323
      },
      "micro": {
        "f1": 0.0390445451919575,
        "er": 3.940291590228831,
        "le_cd": 13.833313471090305,
        "lr_cd": 0.08004892021499146,
        "seld": 1.4745124665819849
      }
    },
    "0.15": {
      "macro": {
        "f1": 0.015401771898013842,
        "er": 1.623441797986978,
        "le_cd": 128.97096654117797,
        "lr_cd": 0.02538232622349166,
        "seld": 1.0747907673846708
      },
      "micro": {
        "f1": 0.05070024680332663,
        "er": 2.517955649962988,
        "le_cd": 14.09517771252648,
        "lr_cd": 0.06723954813169837,
        "seld": 1.119580599468833
      }
    },
    "0.18": {
      "macro": {
        "f1": 0.016015742097969493,
        "er": 1.4521809668177115,
        "le_cd": 129.05474786590128,
        "lr_cd": 0.02153880811913777,
        "seld": 1.0328993095194583
      },
      "micro": {
        "f1": 0.050926961298720666,
        "er": 2.130681342731164,
        "le_cd": 14.48755478582653,
        "lr_cd": 0.05716584596569148,
        "seld": 1.0257687377358915
      }
    },
    "0.22": {
      "macro": {
        "f1": 0.01615180438807264,
        "er": 1.317609803009804,
        "le_cd": 129.0754190674685,
        "lr_cd": 0.017504757653194272,
        "seld": 1.0002597256136183
      },
      "micro": {
        "f1": 0.048516863063795206,
        "er": 1.8087090856425605,
        "le_cd": 14.604242387385588,
        "lr_cd": 0.04611373949985517,
        "seld": 0.9488032907522075
      }
    },
    "0.30": {
      "macro": {
        "f1": 0.011967580532884374,
        "er": 1.1886011154443352,
        "le_cd": 128.87579374839692,
        "lr_cd": 0.009899342609655217,
        "seld": 0.9706777060593336
      },
      "micro": {
        "f1": 0.033071437001568005,
        "er": 1.4766051945544076,
        "le_cd": 13.90984804956628,
        "lr_cd": 0.025251842554150174,
        "seld": 0.8738897121518476
      }
    }
  }
}