{
  "spec": {
    "variant": "no_geom_xl",
    "seed": 0,
    "suffix": "cap_xl_mc8_inmem"
  },
  "n_clips_eval": 78,
  "thresholds": {
    "0.10": {
      "macro": {
        "f1": 0.034738721687586266,
        "er": 34.41072628498897,
        "le_cd": 25.777512695011584,
        "lr_cd": 0.2019396039118338,
        "seld": 9.07931409081268
      },
      "micro": {
        "f1": 0.05553422462847357,
        "er": 8.803463036271765,
        "le_cd": 12.024435535798403,
        "lr_cd": 0.2588201216568504,
        "seld": 2.638977777407441
      }
    },
    "0.15": {
      "macro": {
        "f1": 0.0514322729223375,
        "er": 7.956081697861119,
        "le_cd": 38.76138966601158,
        "lr_cd": 0.17028439583605764,
        "seld": 2.487426520700697
      },
      "micro": {
        "f1": 0.089943118040722,
        "er": 4.9473399633098385,
        "le_cd": 11.995549961760352,
        "lr_cd": 0.24447877441987706,
        "seld": 1.6698900037703104
      }
    },
    "0.18": {
      "macro": {
        "f1": 0.06430523722052608,
        "er": 4.474949054492561,
        "le_cd": 51.38678673032739,
        "lr_cd": 0.15711277137981378,
        "seld": 1.63475329859851
      },
      "micro": {
        "f1": 0.10999367128472921,
        "er": 3.820012230053748,
        "le_cd": 11.995973892214629,
        "lr_cd": 0.23605291107463552,
        "seld": 1.3851524867738938
      }
    },
    "0.22": {
      "macro": {
        "f1": 0.07694677165280984,
        "er": 2.794428573963473,
        "le_cd": 51.341137275448986,
        "lr_cd": 0.14405469854968922,
        "seld": 1.214663911045034
      },
      "micro": {
        "f1": 0.13148718795626602,
        "er": 2.9789449969424866,
        "le_cd": 11.982207629235509,
        "lr_cd": 0.22549644362910753,
        "seld": 1.172132296379883
      }
    },
    "0.30": {
      "macro": {
        "f1": 0.08477919488176801,
        "er": 1.9003952774489195,
        "le_cd": 64.51931656800355,
        "lr_cd": 0.11929178685267959,
        "seld": 1.013691235828623
      },
      "micro": {
        "f1": 0.1593512041106915,
        "er": 2.1851565768723247,
        "le_cd": 11.955395592169953,
        "lr_cd": 0.20710630491455054,
        "seld": 0.9712794830620067
      }
    }
  }
}