{
  "spec": {
    "variant": "no_geom_xs",
    "seed": 0,
    "suffix": "cap_xs_mc8_inmem"
  },
  "n_clips_eval": 78,
  "thresholds": {
    "0.10": {
      "macro": {
        "f1": 0.04132034337981552,
        "er": 9.389892802260011,
        "le_cd": 51.04886987603371,
        "lr_cd": 0.13847024878496064,
        "seld": 2.8734267606849664
      },
      "micro": {
        "f1": 0.07301254166300696,
        "er": 5.163013742718291,
        "le_cd": 11.983392558101981,
        "lr_cd": 0.20332786199349875,
        "seld": 1.7383119355405878
      }
    },
    "0.15": {
      "macro": {
        "f1": 0.048391168110068127,
        "er": 3.4561653597531756,
        "le_cd": 64.88682695431586,
        "lr_cd": 0.10817542413022513,
        "seld": 1.415020284870326
      },
      "micro": {
        "f1": 0.1001200431063882,
        "er": 3.396993981526182,
        "le_cd": 12.01144557832258,
        "lr_cd": 0.18897364101573816,
        "seld": 1.2936576376542395
      }
    },
    "0.18": {
      "macro": {
        "f1": 0.04981498298079801,
        "er": 2.665908647455223,
        "le_cd": 64.86948000330737,
        "lr_cd": 0.09636331659279512,
        "seld": 1.220029086975001
      },
      "micro": {
        "f1": 0.11170396378448215,
        "er": 2.898748028708442,
        "le_cd": 11.979180063847298,
        "lr_cd": 0.1822599851951981,
        "seld": 1.1678337700208674
      }
    },
    "0.22": {
      "macro": {
        "f1": 0.05031573994941858,
        "er": 2.1145022058248037,
        "le_cd": 89.92472334076949,
        "lr_cd": 0.08320716702280227,
        "seld": 1.1201402737975479
      },
      "micro": {
        "f1": 0.12358490566037736,
        "er": 2.4636992694152102,
        "le_cd": 11.978735272743062,
        "lr_cd": 0.17370538444208425,
        "seld": 1.0582393771514413
      }
    },
    "0.30": {
      "macro": {
        "f1": 0.05404339935655363,
        "er": 1.5463754796120415,
        "le_cd": 115.35801629097487,
        "lr_cd": 0.07312299726292545,
        "seld": 1.015021737818939
      },
      "micro": {
        "f1": 0.14112679122906532,
        "er": 1.9297737440056644,
        "le_cd": 12.039542521097054,
        "lr_cd": 0.15854655466512182,
        "seld": 0.9242466863627263
      }
    }
  }
}