{
  "spec": {
    "variant": "seldnet_official",
    "seed": 0,
    "specaug": false
  },
  "n_clips_eval": 78,
  "thresholds": {
    "0.10": {
      "macro": {
        "f1": 0.03900826049931995,
        "er": 3.1526487067325073,
        "le_cd": 64.72471262482742,
        "lr_cd": 0.0906574026818426,
        "seld": 1.3456411950889853
      },
      "micro": {
        "f1": 0.10349612023415612,
        "er": 3.664156287213157,
        "le_cd": 12.553844363894411,
        "lr_cd": 0.21150268739338934,
        "seld": 1.3547252648462562
      }
    },
    "0.15": {
      "macro": {
        "f1": 0.051579216048860364,
        "er": 1.835869601700898,
        "le_cd": 115.86221297548545,
        "lr_cd": 0.08493156647778911,
        "seld": 1.085759445037292
      },
      "micro": {
        "f1": 0.14309770142820513,
        "er": 2.387892246789611,
        "le_cd": 12.54133932391215,
        "lr_cd": 0.199382060442213,
        "seld": 1.028771648068565
      }
    },
    "0.18": {
      "macro": {
        "f1": 0.056287799083421325,
        "er": 1.6084206381224644,
        "le_cd": 116.03465195802421,
        "lr_cd": 0.08283502692233052,
        "seld": 1.0284836918597673
      },
      "micro": {
        "f1": 0.15632237688618553,
        "er": 2.089195713044318,
        "le_cd": 12.560590333820727,
        "lr_cd": 0.19355025586559815,
        "seld": 0.9522760344256623
      }
    },
    "0.22": {
      "macro": {
        "f1": 0.05977475074292166,
        "er": 1.4509989899117999,
        "le_cd": 128.59822468032783,
        "lr_cd": 0.0800616627274773,
        "seld": 1.0063992894996945
      },
      "micro": {
        "f1": 0.16714201586550118,
        "er": 1.8571143510025425,
        "le_cd": 12.599857968382558,
        "lr_cd": 0.18634739789514337,
        "seld": 0.8934060370443391
      }
    },
    "0.30": {
      "macro": {
        "f1": 0.06405827594653891,
        "er": 1.266588650421998,
        "le_cd": 128.5963281351371,
        "lr_cd": 0.07420505555461493,
        "seld": 0.9606873410290124
      },
      "micro": {
        "f1": 0.17866917064596655,
        "er": 1.582111937176145,
        "le_cd": 12.655910031556626,
        "lr_cd": 0.1720832931028934,
        "seld": 0.8254175211784277
      }
    }
  }
}