{
  "spec": {
    "variant": "full",
    "seed": 4
  },
  "n_clips_eval": 78,
  "thresholds": {
    "0.10": {
      "macro": {
        "f1": 0.03826360134567667,
        "er": 14.247594173748032,
        "le_cd": 38.193418177246926,
        "lr_cd": 0.15853162409950677,
        "seld": 4.065746151210777
      },
      "micro": {
        "f1": 0.06767890561288224,
        "er": 6.365414695375109,
        "le_cd": 11.73887965472731,
        "lr_cd": 0.23103858903800972,
        "seld": 2.032978299701509
      }
    },
    "0.15": {
      "macro": {
        "f1": 0.06162439926961601,
        "er": 3.596535445174055,
        "le_cd": 50.8547444427411,
        "lr_cd": 0.1328668763120713,
        "seld": 1.421142631901899
      },
      "micro": {
        "f1": 0.10216695862969338,
        "er": 3.8335167841395514,
        "le_cd": 11.708194280180418,
        "lr_cd": 0.21811335328763157,
        "seld": 1.3945704990002514
      }
    },
    "0.18": {
      "macro": {
        "f1": 0.06812449942468281,
        "er": 2.4819245031703847,
        "le_cd": 51.131905814757815,
        "lr_cd": 0.11554727643015422,
        "seld": 1.1455797176827172
      },
      "micro": {
        "f1": 0.11717608093026605,
        "er": 3.156924463325931,
        "le_cd": 11.746947562564817,
        "lr_cd": 0.2095072575713688,
        "seld": 1.2238754861540806
      }
    },
    "0.22": {
      "macro": {
        "f1": 0.07143648927348059,
        "er": 1.9703734252934701,
        "le_cd": 64.43076672779667,
        "lr_cd": 0.0992500607569379,
        "seld": 1.0394088948265916
      },
      "micro": {
        "f1": 0.1332644473075497,
        "er": 2.602471758231148,
        "le_cd": 11.725438307217715,
        "lr_cd": 0.20007080557432977,
        "seld": 1.083569457319564
      }
    },
    "0.30": {
      "macro": {
        "f1": 0.06002023943415454,
        "er": 1.5847432255929013,
        "le_cd": 102.62583301270654,
        "lr_cd": 0.0794133808532257,
        "seld": 1.0038632805106948
      },
      "micro": {
        "f1": 0.15598110087148429,
        "er": 1.974310450259084,
        "le_cd": 11.677405297234245,
        "lr_cd": 0.1824337806958257,
        "seld": 0.9251925106413244
      }
    }
  }
}