{
  "spec": {
    "variant": "full",
    "seed": 3
  },
  "n_clips_eval": 78,
  "thresholds": {
    "0.10": {
      "macro": {
        "f1": 0.03853191370928673,
        "er": 13.893663356261783,
        "le_cd": 51.209405083721144,
        "lr_cd": 0.13315473641729073,
        "seld": 4.001618350261192
      },
      "micro": {
        "f1": 0.0671587811480355,
        "er": 5.703022110649802,
        "le_cd": 12.313756923466567,
        "lr_cd": 0.20529110746355123,
        "seld": 1.8747454956810352
      }
    },
    "0.15": {
      "macro": {
        "f1": 0.05851749080564407,
        "er": 2.894699471471119,
        "le_cd": 64.65365398341555,
        "lr_cd": 0.10794485502887188,
        "seld": 1.2718560230527836
      },
      "micro": {
        "f1": 0.09854066471647908,
        "er": 3.5109652087155223,
        "le_cd": 12.294427294505965,
        "lr_cd": 0.19189598017443918,
        "seld": 1.3222077344207426
      }
    },
    "0.18": {
      "macro": {
        "f1": 0.05955466493734307,
        "er": 2.141648082333508,
        "le_cd": 89.8924127719234,
        "lr_cd": 0.0937001155289113,
        "seld": 1.1219488987611514
      },
      "micro": {
        "f1": 0.10991584058652488,
        "er": 2.9851951980946865,
        "le_cd": 12.2502380847887,
        "lr_cd": 0.18431978372115476,
        "seld": 1.1897541130089582
      }
    },
    "0.22": {
      "macro": {
        "f1": 0.06297255299806509,
        "er": 1.7255163013069637,
        "le_cd": 89.9302429794707,
        "lr_cd": 0.08755318642879341,
        "seld": 1.0186507557192912
      },
      "micro": {
        "f1": 0.12204623439102903,
        "er": 2.556094107045155,
        "le_cd": 12.226036932859193,
        "lr_cd": 0.17766405973415725,
        "seld": 1.0810765600811854
      }
    },
    "0.30": {
      "macro": {
        "f1": 0.05636745362997112,
        "er": 1.4248475657332578,
        "le_cd": 102.71452244692283,
        "lr_cd": 0.07503301619681915,
        "seld": 0.9660208329306763
      },
      "micro": {
        "f1": 0.14010047088948202,
        "er": 2.0405780309613464,
        "le_cd": 12.250746383364971,
        "lr_cd": 0.16623217791509767,
        "seld": 0.950576271071643
      }
    }
  }
}