{
  "spec": {
    "variant": "full_xs",
    "seed": 4,
    "suffix": "cap_xs_mc8_inmem"
  },
  "n_clips_eval": 78,
  "thresholds": {
    "0.10": {
      "macro": {
        "f1": 0.034403738190261775,
        "er": 15.268444428689687,
        "le_cd": 38.2651559522662,
        "lr_cd": 0.12480682681677815,
        "seld": 4.330454515854365
      },
      "micro": {
        "f1": 0.06033931333310889,
        "er": 6.108487013613981,
        "le_cd": 12.498141760784693,
        "lr_cd": 0.196125004023044,
        "seld": 1.9803642042877692
      }
    },
    "0.15": {
      "macro": {
        "f1": 0.04420820684206807,
        "er": 4.67634776069196,
        "le_cd": 51.69367129667592,
        "lr_cd": 0.08873244515904496,
        "seld": 1.7076485428625394
      },
      "micro": {
        "f1": 0.08980110111040925,
        "er": 3.6543529336036817,
        "le_cd": 12.458868083772527,
        "lr_cd": 0.18027099224357118,
        "seld": 1.3633741935121093
      }
    },
    "0.18": {
      "macro": {
        "f1": 0.04883989861706703,
        "er": 2.9565027390766407,
        "le_cd": 77.56144029201221,
        "lr_cd": 0.08188100965615938,
        "seld": 1.3141696803286482
      },
      "micro": {
        "f1": 0.10285159891186486,
        "er": 3.035653825110231,
        "le_cd": 12.442456234340053,
        "lr_cd": 0.17400791735058416,
        "seld": 1.2069797664263067
      }
    },
    "0.22": {
      "macro": {
        "f1": 0.04676382838520036,
        "er": 2.03640960740871,
        "le_cd": 102.208114511453,
        "lr_cd": 0.07448333682486016,
        "seld": 1.1207463251489027
      },
      "micro": {
        "f1": 0.11396901963298411,
        "er": 2.5798783431495607,
        "le_cd": 12.463347990111092,
        "lr_cd": 0.16592320813620418,
        "seld": 1.092306734386914
      }
    },
    "0.30": {
      "macro": {
        "f1": 0.049346962096466086,
        "er": 1.4913019277070545,
        "le_cd": 115.73107084721215,
        "lr_cd": 0.06907441391485501,
        "seld": 1.0039577363228391
      },
      "micro": {
        "f1": 0.13066038503916064,
        "er": 2.0619613144089346,
        "le_cd": 12.56016889106514,
        "lr_cd": 0.15495478098548485,
        "seld": 0.9615312161114405
      }
    }
  }
}