{
  "spec": {
    "variant": "no_geom",
    "seed": 3
  },
  "n_clips_eval": 78,
  "thresholds": {
    "0.10": {
      "macro": {
        "f1": 0.03475527115209874,
        "er": 13.369772548793625,
        "le_cd": 51.6816122613841,
        "lr_cd": 0.14668968699394971,
        "seld": 3.8688619146915944
      },
      "micro": {
        "f1": 0.061620470490815316,
        "er": 6.404435003701201,
        "le_cd": 12.5177216186957,
        "lr_cd": 0.21027968201860256,
        "seld": 2.050519437268356
      }
    },
    "0.15": {
      "macro": {
        "f1": 0.05177888133579973,
        "er": 4.323522216123122,
        "le_cd": 52.02230785677496,
        "lr_cd": 0.11879565228494544,
        "seld": 1.610490125982226
      },
      "micro": {
        "f1": 0.09048448607300166,
        "er": 3.9621576389559396,
        "le_cd": 12.49120606659268,
        "lr_cd": 0.1970905345820862,
        "seld": 1.4359945518899249
      }
    },
    "0.18": {
      "macro": {
        "f1": 0.059322914167373036,
        "er": 3.1232613262149793,
        "le_cd": 52.050456195938416,
        "lr_cd": 0.1044460673984661,
        "seld": 1.3121653864344218
      },
      "micro": {
        "f1": 0.10389578286448807,
        "er": 3.2668018409449324,
        "le_cd": 12.45857766537181,
        "lr_cd": 0.18937916385053588,
        "seld": 1.2606853036482712
      }
    },
    "0.22": {
      "macro": {
        "f1": 0.05690808748080543,
        "er": 2.350415277135453,
        "le_cd": 64.66141792132854,
        "lr_cd": 0.08754739249119438,
        "seld": 1.1412974741815973
      },
      "micro": {
        "f1": 0.11788819954606318,
        "er": 2.6843101284155644,
        "le_cd": 12.398631163271652,
        "lr_cd": 0.17936983038846513,
        "seld": 1.1139833456803585
      }
    },
    "0.30": {
      "macro": {
        "f1": 0.05247391316198723,
        "er": 1.6301550231222803,
        "le_cd": 76.819139216965,
        "lr_cd": 0.06976265973394404,
        "seld": 0.9836728614690387
      },
      "micro": {
        "f1": 0.13563642425774255,
        "er": 2.0692092304721443,
        "le_cd": 12.465980362732726,
        "lr_cd": 0.16235074506774805,
        "seld": 0.96011937690157
      }
    }
  }
}