{
  "spec": {
    "variant": "no_geom_xs",
    "seed": 1,
    "suffix": "cap_xs_mc8_inmem"
  },
  "n_clips_eval": 78,
  "thresholds": {
    "0.10": {
      "macro": {
        "f1": 0.031097474387258874,
        "er": 9.530808322351056,
        "le_cd": 51.14462195630444,
        "lr_cd": 0.09555277391728043,
        "seld": 2.922073715673163
      },
      "micro": {
        "f1": 0.06644665343045789,
        "er": 5.429770525570468,
        "le_cd": 12.286546317741548,
        "lr_cd": 0.19323484921631104,
        "seld": 1.8095869033944545
      }
    },
    "0.15": {
      "macro": {
        "f1": 0.03829114947441102,
        "er": 3.1394381343106437,
        "le_cd": 89.96073382326969,
        "lr_cd": 0.08109791272462887,
        "seld": 1.3799577316713312
      },
      "micro": {
        "f1": 0.0955219459819693,
        "er": 3.4594895561777865,
        "le_cd": 12.298310772826834,
        "lr_cd": 0.18267838177078305,
        "seld": 1.3124032942907402
      }
    },
    "0.18": {
      "macro": {
        "f1": 0.042738336031007136,
        "er": 2.0928901322007203,
        "le_cd": 90.16939469171811,
        "lr_cd": 0.0756326674659405,
        "seld": 1.118865052581107
      },
      "micro": {
        "f1": 0.10927085273703564,
        "er": 2.83173377104052,
        "le_cd": 12.273287910116279,
        "lr_cd": 0.17369251070129704,
        "seld": 1.1542388351090418
      }
    },
    "0.22": {
      "macro": {
        "f1": 0.047708960182622044,
        "er": 1.567403105596721,
        "le_cd": 90.40017890130856,
        "lr_cd": 0.06917655874810345,
        "seld": 0.9881852006960941
      },
      "micro": {
        "f1": 0.12341775293615416,
        "er": 2.2733867593576003,
        "le_cd": 12.267683006440098,
        "lr_cd": 0.1600399085964404,
        "seld": 1.0145207230763071
      }
    },
    "0.30": {
      "macro": {
        "f1": 0.05083359846640612,
        "er": 1.2912403544805118,
        "le_cd": 115.85036838496885,
        "lr_cd": 0.0569366582033893,
        "seld": 0.9567708138762469
      },
      "micro": {
        "f1": 0.13501943840175362,
        "er": 1.6713269608316437,
        "le_cd": 12.35122686305797,
        "lr_cd": 0.13044317852660037,
        "seld": 0.8686205677300697
      }
    }
  }
}