{
  "spec": {
    "variant": "no_geom_xl",
    "seed": 1,
    "suffix": "cap_xl_mc8_inmem"
  },
  "n_clips_eval": 78,
  "thresholds": {
    "0.10": {
      "macro": {
        "f1": 0.03168331039235055,
        "er": 36.78189191521828,
        "le_cd": 25.223257166463238,
        "lr_cd": 0.19850102408108133,
        "seld": 9.6729591968063
      },
      "micro": {
        "f1": 0.04930488500994927,
        "er": 9.176853014064562,
        "le_cd": 11.617508152589672,
        "lr_cd": 0.23796466158153906,
        "seld": 2.7385312948579763
      }
    },
    "0.15": {
      "macro": {
        "f1": 0.05038496475736357,
        "er": 8.020253696415274,
        "le_cd": 38.79598850357949,
        "lr_cd": 0.16739770581057412,
        "seld": 2.504501073827917
      },
      "micro": {
        "f1": 0.08176467789127212,
        "er": 5.092652312445689,
        "le_cd": 11.599597624487718,
        "lr_cd": 0.22673875961507514,
        "seld": 1.7121477709910684
      }
    },
    "0.18": {
      "macro": {
        "f1": 0.06194648025753106,
        "er": 4.9680029162696915,
        "le_cd": 39.00457325036186,
        "lr_cd": 0.1548406078148159,
        "seld": 1.7419769754526162
      },
      "micro": {
        "f1": 0.09949861309206094,
        "er": 3.9745872356860095,
        "le_cd": 11.619140375255975,
        "lr_cd": 0.21958095973737568,
        "seld": 1.4300146106797766
      }
    },
    "0.22": {
      "macro": {
        "f1": 0.070968212643164,
        "er": 3.4223369644975987,
        "le_cd": 51.80374915307398,
        "lr_cd": 0.14055478860677817,
        "seld": 1.3746531424134059
      },
      "micro": {
        "f1": 0.11954927627323987,
        "er": 3.110778539474108,
        "le_cd": 11.632836226650323,
        "lr_cd": 0.21119371761449582,
        "seld": 1.2111656033780518
      }
    },
    "0.30": {
      "macro": {
        "f1": 0.08396282739747943,
        "er": 2.295544756931548,
        "le_cd": 64.62350236115807,
        "lr_cd": 0.11999301945798892,
        "seld": 1.1126520919095173
      },
      "micro": {
        "f1": 0.15029188678832064,
        "er": 2.2476585883943225,
        "le_cd": 11.582182406284637,
        "lr_cd": 0.19877699462521323,
        "seld": 0.9907337911983702
      }
    }
  }
}