{
  "spec": {
    "variant": "seldnet_official",
    "seed": 4,
    "suffix": "baseline_mc8_inmem"
  },
  "n_clips_eval": 78,
  "thresholds": {
    "0.10": {
      "macro": {
        "f1": 0.05373335837576732,
        "er": 3.3376019374202,
        "le_cd": 76.63261874209479,
        "lr_cd": 0.10964501045156065,
        "seld": 1.399990084845572
      },
      "micro": {
        "f1": 0.10549627817004902,
        "er": 3.3694441762415113,
        "le_cd": 12.066453533253787,
        "lr_cd": 0.19869331531009624,
        "seld": 1.2830726089309716
      }
    },
    "0.15": {
      "macro": {
        "f1": 0.05034252842545671,
        "er": 2.0337827405366666,
        "le_cd": 88.99858826650788,
        "lr_cd": 0.08359228120757933,
        "seld": 1.0985711330960575
      },
      "micro": {
        "f1": 0.13407637484684035,
        "er": 2.4064433072640083,
        "le_cd": 12.027748581422815,
        "lr_cd": 0.18630233980238808,
        "seld": 1.0382213545167822
      }
    },
    "0.18": {
      "macro": {
        "f1": 0.05052301475205789,
        "er": 1.7148620348634274,
        "le_cd": 101.72036855748044,
        "lr_cd": 0.0778846496426881,
        "seld": 1.0378918822803376
      },
      "micro": {
        "f1": 0.14313338322932656,
        "er": 2.159228862926845,
        "le_cd": 12.061910992724362,
        "lr_cd": 0.18034179781790094,
        "seld": 0.9756910746264659
      }
    },
    "0.22": {
      "macro": {
        "f1": 0.05279804182556923,
        "er": 1.4831846504925017,
        "le_cd": 115.36406428393819,
        "lr_cd": 0.07363260554585993,
        "seld": 0.9994163678412934
      },
      "micro": {
        "f1": 0.15135004713381514,
        "er": 1.9470631778829133,
        "le_cd": 12.099398850236932,
        "lr_cd": 0.17362170512696726,
        "seld": 0.9223275770308618
      }
    },
    "0.30": {
      "macro": {
        "f1": 0.055351412682135254,
        "er": 1.3123137020072955,
        "le_cd": 128.4356601687427,
        "lr_cd": 0.06857634751626598,
        "seld": 0.9754793467976994
      },
      "micro": {
        "f1": 0.15836496944492137,
        "er": 1.7038782144121527,
        "le_cd": 12.096494149671795,
        "lr_cd": 0.1603038202825786,
        "seld": 0.8631030424901517
      }
    }
  }
}