{
  "spec": {
    "variant": "no_geom",
    "seed": 3,
    "suffix": "mc8_inmem_specaug_weak"
  },
  "n_clips_eval": 78,
  "thresholds": {
    "0.10": {
      "macro": {
        "f1": 0.03001828410173423,
        "er": 8.59786877940456,
        "le_cd": 51.49326516133351,
        "lr_cd": 0.09519432769283237,
        "seld": 2.689682465737684
      },
      "micro": {
        "f1": 0.06484620986685857,
        "er": 5.5709053458208615,
        "le_cd": 11.994662422208838,
        "lr_cd": 0.19315116990119405,
        "seld": 1.8448862448773813
      }
    },
    "0.15": {
      "macro": {
        "f1": 0.03557203381338129,
        "er": 3.201158745716391,
        "le_cd": 77.66310333414559,
        "lr_cd": 0.08082148967797434,
        "seld": 1.3790567268536833
      },
      "micro": {
        "f1": 0.08822651687738597,
        "er": 3.5989507901258406,
        "le_cd": 11.914785521006651,
        "lr_cd": 0.1741237810176692,
        "seld": 1.3506984362813168
      }
    },
    "0.18": {
      "macro": {
        "f1": 0.0398511065809924,
        "er": 2.5501958421826854,
        "le_cd": 102.91373513136621,
        "lr_cd": 0.0769563162443981,
        "seld": 1.2512828480773324
      },
      "micro": {
        "f1": 0.09965472262717716,
        "er": 3.021260982910109,
        "le_cd": 11.891742234857379,
        "lr_cd": 0.16720414534453348,
        "seld": 1.2051168373941237
      }
    },
    "0.22": {
      "macro": {
        "f1": 0.04341306094457375,
        "er": 2.050683079289498,
        "le_cd": 115.70914961282665,
        "lr_cd": 0.07181259871736506,
        "seld": 1.1445715071469267
      },
      "micro": {
        "f1": 0.11515449610093915,
        "er": 2.4665121817772198,
        "le_cd": 11.849722489396871,
        "lr_cd": 0.16049692639438706,
        "seld": 1.0641731377224135
      }
    },
    "0.30": {
      "macro": {
        "f1": 0.05220373845203438,
        "er": 1.4617006933999521,
        "le_cd": 128.25269697078085,
        "lr_cd": 0.06603374356476237,
        "seld": 1.01399454863854
      },
      "micro": {
        "f1": 0.13945186862967157,
        "er": 1.8341797817900936,
        "le_cd": 11.720851405918285,
        "lr_cd": 0.14861446364777445,
        "seld": 0.9028073226641595
      }
    }
  }
}