{
  "spec": {
    "variant": "full_l",
    "seed": 2,
    "suffix": "cap_l_mc8_inmem"
  },
  "n_clips_eval": 78,
  "thresholds": {
    "0.10": {
      "macro": {
        "f1": 0.027216848107326184,
        "er": 46.012962777732646,
        "le_cd": 50.70109775400262,
        "lr_cd": 0.15989753690554723,
        "seld": 12.026880289504946
      },
      "micro": {
        "f1": 0.04629589886406387,
        "er": 9.725467477712336,
        "le_cd": 12.244600712299766,
        "lr_cd": 0.23605291107463552,
        "seld": 2.8777860568216034
      }
    },
    "0.15": {
      "macro": {
        "f1": 0.03784607766599381,
        "er": 8.716588073683367,
        "le_cd": 50.72585323545274,
        "lr_cd": 0.14224273070895285,
        "seld": 2.704577390265234
      },
      "micro": {
        "f1": 0.0708473853411745,
        "er": 5.917910591870233,
        "le_cd": 12.246717910606499,
        "lr_cd": 0.2256187441665862,
        "seld": 1.922370446022016
      }
    },
    "0.18": {
      "macro": {
        "f1": 0.044269259444890685,
        "er": 5.156067076034615,
        "le_cd": 63.58939925459003,
        "lr_cd": 0.13016495158055788,
        "seld": 1.8337268263281112
      },
      "micro": {
        "f1": 0.08331250906617485,
        "er": 4.840597341572527,
        "le_cd": 12.26165256879129,
        "lr_cd": 0.21996717196099255,
        "seld": 1.65135948814855
      }
    },
    "0.22": {
      "macro": {
        "f1": 0.05233496224264452,
        "er": 3.4306714848454507,
        "le_cd": 63.747625018162566,
        "lr_cd": 0.12215947568862573,
        "seld": 1.4025826298093267
      },
      "micro": {
        "f1": 0.09945464123654563,
        "er": 3.873258021949728,
        "le_cd": 12.268191399308861,
        "lr_cd": 0.21387789256863313,
        "seld": 1.4070205267573996
      }
    },
    "0.30": {
      "macro": {
        "f1": 0.06130695715894763,
        "er": 1.9820975782535812,
        "le_cd": 90.03499120249542,
        "lr_cd": 0.10072761591269531,
        "seld": 1.0800643501878393
      },
      "micro": {
        "f1": 0.130887040671173,
        "er": 2.693939686524412,
        "le_cd": 12.324523808838114,
        "lr_cd": 0.20285153358437127,
        "seld": 1.1071676722461588
      }
    }
  }
}