{
  "spec": {
    "variant": "seldnet_official",
    "seed": 4,
    "suffix": "foa_baseline_mc8_inmem"
  },
  "n_clips_eval": 78,
  "thresholds": {
    "0.10": {
      "macro": {
        "f1": 0.02046018503927718,
        "er": 2.375481372930735,
        "le_cd": 102.96598262300941,
        "lr_cd": 0.043520586569385185,
        "seld": 1.2208834595291422
      },
      "micro": {
        "f1": 0.057088068300247624,
        "er": 3.6398506646068682,
        "le_cd": 13.141672004499775,
        "lr_cd": 0.11018634739789514,
        "seld": 1.3863963844556533
      }
    },
    "0.15": {
      "macro": {
        "f1": 0.02152888358203074,
        "er": 1.732732809097161,
        "le_cd": 115.41461823442627,
        "lr_cd": 0.036863371574530714,
        "seld": 1.0788832193662974
      },
      "micro": {
        "f1": 0.06783539866721953,
        "er": 2.6480962955810883,
        "le_cd": 12.981670157570209,
        "lr_cd": 0.09635351292201731,
        "seld": 1.1390069434390326
      }
    },
    "0.18": {
      "macro": {
        "f1": 0.02209202588906077,
        "er": 1.5590382332091193,
        "le_cd": 115.34418236962193,
        "lr_cd": 0.033493522732424535,
        "seld": 1.03606342443805
      },
      "micro": {
        "f1": 0.07225304871736475,
        "er": 2.3074506774806087,
        "le_cd": 13.168257728717327,
        "lr_cd": 0.08985227382446655,
        "seld": 1.0546255855801352
      }
    },
    "0.22": {
      "macro": {
        "f1": 0.02353143840351868,
        "er": 1.4186817913903895,
        "le_cd": 128.90994239766948,
        "lr_cd": 0.030000002853352394,
        "seld": 1.0203291741968095
      },
      "micro": {
        "f1": 0.07487725285017988,
        "er": 1.9963309838756396,
        "le_cd": 13.302664447438602,
        "lr_cd": 0.08078916031025715,
        "seld": 0.9786420655224654
      }
    },
    "0.30": {
      "macro": {
        "f1": 0.025927465925882277,
        "er": 1.265292948607374,
        "le_cd": 128.85163951089734,
        "lr_cd": 0.02505640742355579,
        "seld": 0.982537879246286
      },
      "micro": {
        "f1": 0.07579937786473503,
        "er": 1.6236554986965337,
        "le_cd": 13.089175620520956,
        "lr_cd": 0.06658298735154967,
        "seld": 0.8884976939541191
      }
    }
  }
}