{
  "thresholds": {
    "0.10": {
      "macro": {
        "f1": 0.04135678566479773,
        "er": 13.077773104796423,
        "le_cd": 38.53139048468282,
        "lr_cd": 0.17225464036026156,
        "seld": 3.769556239810456
      },
      "micro": {
        "f1": 0.07576364753116012,
        "er": 6.353924881722507,
        "le_cd": 11.66539738332472,
        "lr_cd": 0.2604293392552541,
        "seld": 2.020634914544196
      }
    },
    "0.15": {
      "macro": {
        "f1": 0.05737905008562115,
        "er": 4.145612622488061,
        "le_cd": 51.438027478408415,
        "lr_cd": 0.13530810314778677,
        "seld": 1.5596730721447862
      },
      "micro": {
        "f1": 0.11359804317366833,
        "er": 3.844150494029803,
        "le_cd": 11.647460609853349,
        "lr_cd": 0.24632615622284446,
        "seld": 1.3872336022831189
      }
    },
    "0.18": {
      "macro": {
        "f1": 0.06572764397582119,
        "er": 2.9360047049530142,
        "le_cd": 51.721469334901535,
        "lr_cd": 0.12372912218948443,
        "seld": 1.2584723587731792
      },
      "micro": {
        "f1": 0.13191944363440347,
        "er": 3.161616941842876,
        "le_cd": 11.632976375874458,
        "lr_cd": 0.2402304399600914,
        "seld": 1.2135236761952544
      }
    },
    "0.22": {
      "macro": {
        "f1": 0.07107639088334118,
        "er": 2.149166130184198,
        "le_cd": 64.4176436623724,
        "lr_cd": 0.11212916714564836,
        "seld": 1.0809590925698749
      },
      "micro": {
        "f1": 0.15198763694843703,
        "er": 2.6067394033021145,
        "le_cd": 11.601847838039477,
        "lr_cd": 0.23360046345466834,
        "seld": 1.0714015032775848
      }
    },
    "0.30": {
      "macro": {
        "f1": 0.07595256525675352,
        "er": 1.5674449977710065,
        "le_cd": 77.71680214974086,
        "lr_cd": 0.09905268583244084,
        "seld": 0.9560499396562042
      },
      "micro": {
        "f1": 0.17731613948444583,
        "er": 2.0265649641144474,
        "le_cd": 11.579476942537822,
        "lr_cd": 0.2183965755849506,
        "seld": 0.9237956691258986
      }
    }
  },
  "n_clips_eval": 78
}