{
  "spec": {
    "variant": "full",
    "seed": 2,
    "suffix": "mc8_inmem_specaug_weak"
  },
  "n_clips_eval": 78,
  "thresholds": {
    "0.10": {
      "macro": {
        "f1": 0.04034786594327929,
        "er": 9.274501974879655,
        "le_cd": 64.20933880848371,
        "lr_cd": 0.1048954534831188,
        "seld": 2.8714943010973197
      },
      "micro": {
        "f1": 0.08840580896335158,
        "er": 4.301541630459271,
        "le_cd": 11.245834415300067,
        "lr_cd": 0.2085803482346883,
        "seld": 1.5167580827810023
      }
    },
    "0.15": {
      "macro": {
        "f1": 0.04552799601521203,
        "er": 2.1889126861044046,
        "le_cd": 90.1778075567043,
        "lr_cd": 0.08240050618134023,
        "seld": 1.1404930009168301
      },
      "micro": {
        "f1": 0.11802991649368555,
        "er": 2.8662225226095073,
        "le_cd": 11.064548465185357,
        "lr_cd": 0.19178655337774775,
        "seld": 1.154468941608387
      }
    },
    "0.18": {
      "macro": {
        "f1": 0.0437654313641665,
        "er": 1.756962459542319,
        "le_cd": 128.11401847223215,
        "lr_cd": 0.0740767849578404,
        "seld": 1.087716197572067
      },
      "micro": {
        "f1": 0.12778747552667055,
        "er": 2.486183257700106,
        "le_cd": 10.973416658070954,
        "lr_cd": 0.1821248109169322,
        "seld": 1.0593085992836688
      }
    },
    "0.22": {
      "macro": {
        "f1": 0.04738721324052441,
        "er": 1.4723879133953057,
        "le_cd": 128.10897441028476,
        "lr_cd": 0.06924328565124058,
        "seld": 1.0168684847512806
      },
      "micro": {
        "f1": 0.13835336930342138,
        "er": 2.1093495542467253,
        "le_cd": 10.968546511060445,
        "lr_cd": 0.16934762318560717,
        "seld": 0.965646232815897
      }
    },
    "0.30": {
      "macro": {
        "f1": 0.05168666414215249,
        "er": 1.2687827034861636,
        "le_cd": 128.10199954287557,
        "lr_cd": 0.058411882438102775,
        "seld": 0.9675904830360265
      },
      "micro": {
        "f1": 0.14847415459916982,
        "er": 1.6215248945962473,
        "le_cd": 10.97435349715146,
        "lr_cd": 0.14136654758456438,
        "seld": 0.8481632057380608
      }
    }
  }
}