{
  "spec": {
    "variant": "full_l",
    "seed": 4,
    "suffix": "cap_l_mc8_inmem"
  },
  "n_clips_eval": 78,
  "thresholds": {
    "0.10": {
      "macro": {
        "f1": 0.031046917099166647,
        "er": 20.66864088675053,
        "le_cd": 26.342358831840613,
        "lr_cd": 0.1810548714872603,
        "seld": 5.650721384029693
      },
      "micro": {
        "f1": 0.049021737623236104,
        "er": 7.946200637250169,
        "le_cd": 12.926035154220182,
        "lr_cd": 0.20480834218403013,
        "seld": 2.4410454659638092
      }
    },
    "0.15": {
      "macro": {
        "f1": 0.058684131432704754,
        "er": 4.985673261497884,
        "le_cd": 39.43712727713191,
        "lr_cd": 0.15651072862682167,
        "seld": 1.7473933882444947
      },
      "micro": {
        "f1": 0.07832708592381489,
        "er": 4.5756042612082,
        "le_cd": 12.924111140238331,
        "lr_cd": 0.19442567023912974,
        "seld": 1.5936630306227562
      }
    },
    "0.18": {
      "macro": {
        "f1": 0.07790287387817893,
        "er": 3.261456662941877,
        "le_cd": 52.009251807390825,
        "lr_cd": 0.14294082017230358,
        "seld": 1.332388314177558
      },
      "micro": {
        "f1": 0.09296290251871193,
        "er": 3.6490618261401306,
        "le_cd": 12.930427980391867,
        "lr_cd": 0.18699752180489845,
        "seld": 1.3602342782046744
      }
    },
    "0.22": {
      "macro": {
        "f1": 0.09426449787053591,
        "er": 2.3584874570648773,
        "le_cd": 52.003775660783454,
        "lr_cd": 0.1285393288985684,
        "seld": 1.106148373769476
      },
      "micro": {
        "f1": 0.10901277447459821,
        "er": 2.9226996234430818,
        "le_cd": 12.93149038239192,
        "lr_cd": 0.17879694892343342,
        "seld": 1.1766828783201402
      }
    },
    "0.30": {
      "macro": {
        "f1": 0.09700843664697861,
        "er": 1.677044831641136,
        "le_cd": 90.85656619686921,
        "lr_cd": 0.10918780447423099,
        "seld": 0.9939018229034111
      },
      "micro": {
        "f1": 0.12945846753052204,
        "er": 2.24439509510476,
        "le_cd": 12.945428083101445,
        "lr_cd": 0.16688230182485275,
        "seld": 1.0049933426638762
      }
    }
  }
}