{
  "spec": {
    "variant": "full",
    "seed": 0,
    "suffix": "mc8_inmem_specaug_weak"
  },
  "n_clips_eval": 78,
  "thresholds": {
    "0.10": {
      "macro": {
        "f1": 0.02896968849696326,
        "er": 9.201949926327524,
        "le_cd": 64.07310380654559,
        "lr_cd": 0.0870464393911092,
        "seld": 2.8604738715633986
      },
      "micro": {
        "f1": 0.06462063333716876,
        "er": 5.389701007370217,
        "le_cd": 11.57366133073856,
        "lr_cd": 0.18617360239451577,
        "seld": 1.8008012225356589
      }
    },
    "0.15": {
      "macro": {
        "f1": 0.032621101553853844,
        "er": 2.556057750132797,
        "le_cd": 115.54692024127529,
        "lr_cd": 0.06823676454224528,
        "seld": 1.2742818046776123
      },
      "micro": {
        "f1": 0.09083031861569978,
        "er": 3.3566798622509735,
        "le_cd": 11.550136825962072,
        "lr_cd": 0.16767403688326735,
        "seld": 1.290585733390727
      }
    },
    "0.18": {
      "macro": {
        "f1": 0.03550357626639625,
        "er": 2.007486298357219,
        "le_cd": 115.6834776585889,
        "lr_cd": 0.06477822531963444,
        "seld": 1.1374726209408372
      },
      "micro": {
        "f1": 0.09865390296285059,
        "er": 2.906749058607705,
        "le_cd": 11.51743599856552,
        "lr_cd": 0.1590743780373982,
        "seld": 1.1782516332887605
      }
    },
    "0.22": {
      "macro": {
        "f1": 0.03747074073297549,
        "er": 1.694295290779011,
        "le_cd": 128.2726413748417,
        "lr_cd": 0.06070449482564029,
        "seld": 1.0771864601590457
      },
      "micro": {
        "f1": 0.10652989302611679,
        "er": 2.487039361462457,
        "le_cd": 11.584669975808394,
        "lr_cd": 0.14826687264651925,
        "seld": 1.0741504683583003
      }
    },
    "0.30": {
      "macro": {
        "f1": 0.040332311835915076,
        "er": 1.3694004471998216,
        "le_cd": 128.33285194744627,
        "lr_cd": 0.05147178447305392,
        "seld": 0.9976391598719441
      },
      "micro": {
        "f1": 0.11478830250222466,
        "er": 1.8761610504972481,
        "le_cd": 11.777495611812421,
        "lr_cd": 0.12164397669852918,
        "seld": 0.9262898256183074
      }
    }
  }
}