{
  "spec": {
    "variant": "full",
    "seed": 3
  },
  "n_clips_eval": 78,
  "thresholds": {
    "0.10": {
      "macro": {
        "f1": 0.028023517051482448,
        "er": 12.519553288980259,
        "le_cd": 52.26041164881455,
        "lr_cd": 0.09188468005116618,
        "seld": 3.6724951780372006
      },
      "micro": {
        "f1": 0.06314939664574624,
        "er": 6.214746870071771,
        "le_cd": 12.094428291972058,
        "lr_cd": 0.20945576260821988,
        "seld": 2.0023332447766347
      }
    },
    "0.15": {
      "macro": {
        "f1": 0.030182597397154287,
        "er": 3.46134971610049,
        "le_cd": 103.1972803542314,
        "lr_cd": 0.08241181311701144,
        "seld": 1.4805183824441246
      },
      "micro": {
        "f1": 0.08795479233727836,
        "er": 4.11815519294519,
        "le_cd": 11.961560676476703,
        "lr_cd": 0.19857101477261754,
        "seld": 1.4745206251761525
      }
    },
    "0.18": {
      "macro": {
        "f1": 0.03313113983673507,
        "er": 2.502797020126299,
        "le_cd": 115.69983111581745,
        "lr_cd": 0.08006807733827312,
        "seld": 1.2580936606209023
      },
      "micro": {
        "f1": 0.10117527862208714,
        "er": 3.426243120594767,
        "le_cd": 11.906180049676513,
        "lr_cd": 0.19283576325190693,
        "seld": 1.2995943808602997
      }
    },
    "0.22": {
      "macro": {
        "f1": 0.039788002949929444,
        "er": 1.8672151080302242,
        "le_cd": 128.33670621046963,
        "lr_cd": 0.07750350978609566,
        "seld": 1.1157263241158688
      },
      "micro": {
        "f1": 0.11853354230048248,
        "er": 2.7695085449454475,
        "le_cd": 11.894199459406213,
        "lr_cd": 0.18621222361687748,
        "seld": 1.1327104162284194
      }
    },
    "0.30": {
      "macro": {
        "f1": 0.04635537257702093,
        "er": 1.445579648186492,
        "le_cd": 128.33499361752007,
        "lr_cd": 0.0658854681804465,
        "seld": 1.0115777485482562
      },
      "micro": {
        "f1": 0.12921017402945115,
        "er": 2.0935277268192203,
        "le_cd": 11.923087445788363,
        "lr_cd": 0.1553216825979209,
        "seld": 0.968808811222668
      }
    }
  }
}