{
  "spec": {
    "variant": "seldnet_official",
    "seed": 3,
    "suffix": "baseline_mc8_inmem"
  },
  "n_clips_eval": 78,
  "thresholds": {
    "0.10": {
      "macro": {
        "f1": 0.05824506155869269,
        "er": 2.4977720766764,
        "le_cd": 77.23793659350677,
        "lr_cd": 0.0983021305919877,
        "seld": 1.192581133066856
      },
      "micro": {
        "f1": 0.10962695177015434,
        "er": 3.1643590486305557,
        "le_cd": 11.595185715577527,
        "lr_cd": 0.194805445592353,
        "seld": 1.231086087421981
      }
    },
    "0.15": {
      "macro": {
        "f1": 0.06680193602930005,
        "er": 1.6070602532206744,
        "le_cd": 102.49647929393753,
        "lr_cd": 0.087712711637537,
        "seld": 1.0054926226300391
      },
      "micro": {
        "f1": 0.13574561560082155,
        "er": 2.337517299089183,
        "le_cd": 11.499911086127057,
        "lr_cd": 0.18357310675549549,
        "seld": 1.0205217429139486
      }
    },
    "0.18": {
      "macro": {
        "f1": 0.059930967664744254,
        "er": 1.494385328328639,
        "le_cd": 102.59301423261394,
        "lr_cd": 0.07889362924788247,
        "seld": 0.9813804803993001
      },
      "micro": {
        "f1": 0.14353073179641734,
        "er": 2.1127675324257345,
        "le_cd": 11.442772630819675,
        "lr_cd": 0.17703324643558302,
        "seld": 0.9639436283134608
      }
    },
    "0.22": {
      "macro": {
        "f1": 0.057166627362999316,
        "er": 1.4033120575764313,
        "le_cd": 115.37863696039473,
        "lr_cd": 0.07343321704710079,
        "seld": 0.9784261601810199
      },
      "micro": {
        "f1": 0.15090406931676592,
        "er": 1.9037172926523125,
        "le_cd": 11.360714850705296,
        "lr_cd": 0.16916739081458596,
        "seld": 0.9116902287562197
      }
    },
    "0.30": {
      "macro": {
        "f1": 0.05729106780426369,
        "er": 1.2827489264596532,
        "le_cd": 115.4335307314027,
        "lr_cd": 0.06733255092792961,
        "seld": 0.9498556751699243
      },
      "micro": {
        "f1": 0.15697819930185072,
        "er": 1.647787325802195,
        "le_cd": 11.212733983902934,
        "lr_cd": 0.15341636896141095,
        "seld": 0.8499214310290428
      }
    }
  }
}