{
  "spec": {
    "variant": "full_l",
    "seed": 1,
    "suffix": "cap_l_mc8_inmem"
  },
  "n_clips_eval": 78,
  "thresholds": {
    "0.10": {
      "macro": {
        "f1": 0.024520928355887595,
        "er": 39.94340322035823,
        "le_cd": 25.807091061336216,
        "lr_cd": 0.11505189551502217,
        "seld": 10.486800781151462
      },
      "micro": {
        "f1": 0.042338672149046096,
        "er": 9.603804190402625,
        "le_cd": 12.137887008260932,
        "lr_cd": 0.21229442245180394,
        "seld": 2.8541509503508062
      }
    },
    "0.15": {
      "macro": {
        "f1": 0.031527168026915395,
        "er": 6.6575561768973905,
        "le_cd": 65.00360440953752,
        "lr_cd": 0.09242960486079518,
        "seld": 2.2236826349045553
      },
      "micro": {
        "f1": 0.06947508258413362,
        "er": 5.392462424769077,
        "le_cd": 12.10827799231606,
        "lr_cd": 0.20130668468990376,
        "seld": 1.7972372171408655
      }
    },
    "0.18": {
      "macro": {
        "f1": 0.03658579241187945,
        "er": 3.6283914231625953,
        "le_cd": 77.5093876888689,
        "lr_cd": 0.08532697105414369,
        "seld": 1.4842715922697942
      },
      "micro": {
        "f1": 0.08606298868156693,
        "er": 4.169012905925139,
        "le_cd": 12.098174884238501,
        "lr_cd": 0.19629236265327799,
        "seld": 1.488467409320127
      }
    },
    "0.22": {
      "macro": {
        "f1": 0.041737314642423334,
        "er": 2.3283767104652147,
        "le_cd": 77.84133491565322,
        "lr_cd": 0.07853330311129618,
        "seld": 1.1601394883385034
      },
      "micro": {
        "f1": 0.10581995345765025,
        "er": 3.198011007048373,
        "le_cd": 12.103675992791109,
        "lr_cd": 0.18923111583148272,
        "seld": 1.2425506455409088
      }
    },
    "0.30": {
      "macro": {
        "f1": 0.050030159878872923,
        "er": 1.5697966735815627,
        "le_cd": 115.71544417923423,
        "lr_cd": 0.07294508409813666,
        "seld": 1.022421252094519
      },
      "micro": {
        "f1": 0.13373525014265317,
        "er": 2.3159666570113613,
        "le_cd": 12.123500615044996,
        "lr_cd": 0.17877120144185896,
        "seld": 1.017703246655386
      }
    }
  }
}