{
  "spec": {
    "variant": "no_geom",
    "seed": 4,
    "suffix": "mc8_inmem_specaug_weak"
  },
  "n_clips_eval": 78,
  "thresholds": {
    "0.10": {
      "macro": {
        "f1": 0.02680424192418451,
        "er": 9.719836926387037,
        "le_cd": 51.38145635243275,
        "lr_cd": 0.10638214479537046,
        "seld": 2.968025768739694
      },
      "micro": {
        "f1": 0.054393309404952926,
        "er": 6.422084902320492,
        "le_cd": 12.162232578600447,
        "lr_cd": 0.18470599594477166,
        "seld": 2.0626383889351927
      }
    },
    "0.15": {
      "macro": {
        "f1": 0.035891576113701924,
        "er": 3.3180935199509887,
        "le_cd": 51.87461364390261,
        "lr_cd": 0.08684982530726093,
        "seld": 1.3708861041379268
      },
      "micro": {
        "f1": 0.07615939697568598,
        "er": 4.140195037172926,
        "le_cd": 12.097060519097614,
        "lr_cd": 0.17065430787551092,
        "seld": 1.4901468060236236
      }
    },
    "0.18": {
      "macro": {
        "f1": 0.038905187291381135,
        "er": 2.4673380519378423,
        "le_cd": 76.389792530994,
        "lr_cd": 0.0782440757091635,
        "seld": 1.1936441313051493
      },
      "micro": {
        "f1": 0.08845920402323768,
        "er": 3.3834765536995914,
        "le_cd": 12.079573682900442,
        "lr_cd": 0.164172379389141,
        "seld": 1.299488428242498
      }
    },
    "0.22": {
      "macro": {
        "f1": 0.04342775205177645,
        "er": 1.834177280720612,
        "le_cd": 102.55083310009013,
        "lr_cd": 0.07139920284492765,
        "seld": 1.0722692940949912
      },
      "micro": {
        "f1": 0.10370193221345099,
        "er": 2.701921405812494,
        "le_cd": 12.034943472298528,
        "lr_cd": 0.15630652376814394,
        "seld": 1.127193436724806
      }
    },
    "0.30": {
      "macro": {
        "f1": 0.050824742044270996,
        "er": 1.4134142390510005,
        "le_cd": 128.3237327904664,
        "lr_cd": 0.06605393274912671,
        "seld": 1.0023612977178262
      },
      "micro": {
        "f1": 0.12827076778770055,
        "er": 2.0099964597212834,
        "le_cd": 12.012293704175313,
        "lr_cd": 0.14788066042290238,
        "seld": 0.9501449991334692
      }
    }
  }
}