{
  "spec": {
    "variant": "seldnet_official",
    "seed": 2,
    "specaug": false
  },
  "n_clips_eval": 78,
  "thresholds": {
    "0.10": {
      "macro": {
        "f1": 0.030789875688060967,
        "er": 7.692948793403517,
        "le_cd": 52.23656167429249,
        "lr_cd": 0.08527765400667976,
        "seld": 2.466771096030378
      },
      "micro": {
        "f1": 0.06350226458729627,
        "er": 5.140137105339384,
        "le_cd": 12.508669479212122,
        "lr_cd": 0.17427182903672234,
        "seld": 1.7429639049833026
      }
    },
    "0.15": {
      "macro": {
        "f1": 0.02748240440598428,
        "er": 1.976126318328831,
        "le_cd": 103.00570598513421,
        "lr_cd": 0.05713681901166619,
        "seld": 1.1159402542627037
      },
      "micro": {
        "f1": 0.08408625330842726,
        "er": 3.13409288403978,
        "le_cd": 12.41344750725469,
        "lr_cd": 0.14386405329728685,
        "seld": 1.243776543674148
      }
    },
    "0.18": {
      "macro": {
        "f1": 0.029863709798739282,
        "er": 1.710334717801703,
        "le_cd": 128.57283523235827,
        "lr_cd": 0.05207947821085475,
        "seld": 1.0856712647151914
      },
      "micro": {
        "f1": 0.0921531655993916,
        "er": 2.5971355926748414,
        "le_cd": 12.40763537818693,
        "lr_cd": 0.13181423192044028,
        "seld": 1.110524875702901
      }
    },
    "0.22": {
      "macro": {
        "f1": 0.03362033166876928,
        "er": 1.5170284346099967,
        "le_cd": 128.55446562261352,
        "lr_cd": 0.047507890173610574,
        "seld": 1.0375229221122007
      },
      "micro": {
        "f1": 0.1009611977079551,
        "er": 2.122866982073316,
        "le_cd": 12.353844571011308,
        "lr_cd": 0.11919796594895561,
        "seld": 0.9928350720638393
      }
    },
    "0.30": {
      "macro": {
        "f1": 0.03677849945923669,
        "er": 1.3017257262105064,
        "le_cd": 128.62153384186837,
        "lr_cd": 0.03907372657102281,
        "seld": 0.9851093942698788
      },
      "micro": {
        "f1": 0.10634740679084986,
        "er": 1.6033342988638923,
        "le_cd": 12.644606798572548,
        "lr_cd": 0.09540085610376235,
        "seld": 0.8679584628792264
      }
    }
  }
}