{
  "spec": {
    "variant": "no_geom",
    "seed": 1,
    "suffix": "mc8_inmem_specaug_weak"
  },
  "n_clips_eval": 78,
  "thresholds": {
    "0.10": {
      "macro": {
        "f1": 0.029502597095800515,
        "er": 16.081384230901968,
        "le_cd": 64.05370407351542,
        "lr_cd": 0.11303088610093373,
        "seld": 4.573676164806192
      },
      "micro": {
        "f1": 0.06003531489111241,
        "er": 5.962215570789482,
        "le_cd": 12.016496025812092,
        "lr_cd": 0.1904026262431206,
        "seld": 1.9446339852274401
      }
    },
    "0.15": {
      "macro": {
        "f1": 0.04330429131050884,
        "er": 4.231495354385389,
        "le_cd": 76.6983701448433,
        "lr_cd": 0.09245974920984881,
        "seld": 1.630458342556318
      },
      "micro": {
        "f1": 0.08643508641794465,
        "er": 3.773557336423031,
        "le_cd": 11.916152054304572,
        "lr_cd": 0.1785137266261144,
        "seld": 1.393702342031277
      }
    },
    "0.18": {
      "macro": {
        "f1": 0.04442024044013233,
        "er": 2.3487205340249133,
        "le_cd": 102.7584287595371,
        "lr_cd": 0.08018070077519893,
        "seld": 1.198749938146197
      },
      "micro": {
        "f1": 0.09847176740937578,
        "er": 3.1490264233529657,
        "le_cd": 11.830798796584272,
        "lr_cd": 0.17198030317659554,
        "seld": 1.2360752531870045
      }
    },
    "0.22": {
      "macro": {
        "f1": 0.03917589116609777,
        "er": 1.7408578902413399,
        "le_cd": 115.63966067339288,
        "lr_cd": 0.06984010302974691,
        "seld": 1.0685711138355305
      },
      "micro": {
        "f1": 0.11233046692061882,
        "er": 2.569450613111905,
        "le_cd": 11.734736517548079,
        "lr_cd": 0.16257603553152458,
        "seld": 1.0899342728282015
      }
    },
    "0.30": {
      "macro": {
        "f1": 0.04616632399542798,
        "er": 1.3737960948669676,
        "le_cd": 128.26157138753524,
        "lr_cd": 0.06043070011849723,
        "seld": 0.9949408390598374
      },
      "micro": {
        "f1": 0.128216637189186,
        "er": 1.8878117859096908,
        "le_cd": 11.564449990396488,
        "lr_cd": 0.1388239837790866,
        "seld": 0.9212545273331275
      }
    }
  }
}