{
  "spec": {
    "variant": "seldnet_official",
    "seed": 1,
    "specaug": true
  },
  "n_clips_eval": 78,
  "thresholds": {
    "0.10": {
      "macro": {
        "f1": 0.02627597143995862,
        "er": 3.9603290501761474,
        "le_cd": 115.04382335471556,
        "lr_cd": 0.061963470123404855,
        "seld": 1.6278054901458565
      },
      "micro": {
        "f1": 0.06958339226501972,
        "er": 3.8109619902803256,
        "le_cd": 11.05723000989899,
        "lr_cd": 0.14250587364423417,
        "seld": 1.4150754449954055
      }
    },
    "0.15": {
      "macro": {
        "f1": 0.0296902264184834,
        "er": 1.783139020362993,
        "le_cd": 128.25801598554924,
        "lr_cd": 0.05023365247619344,
        "seld": 1.103939918680342
      },
      "micro": {
        "f1": 0.08451381106965031,
        "er": 2.5504618454507417,
        "le_cd": 11.428842111551218,
        "lr_cd": 0.11772392262881787,
        "seld": 1.1029294197596673
      }
    },
    "0.18": {
      "macro": {
        "f1": 0.02967379671844106,
        "er": 1.4995156206811053,
        "le_cd": 128.47698324612807,
        "lr_cd": 0.042504307943660224,
        "seld": 1.035274633513262
      },
      "micro": {
        "f1": 0.08462297846865853,
        "er": 2.0472144443371634,
        "le_cd": 11.847538046658181,
        "lr_cd": 0.0946284316565286,
        "seld": 0.983445672506686
      }
    },
    "0.22": {
      "macro": {
        "f1": 0.030389769449395983,
        "er": 1.3092923173382778,
        "le_cd": 128.5473942855365,
        "lr_cd": 0.03652836971405393,
        "seld": 0.9891315921625077
      },
      "micro": {
        "f1": 0.08726324723273661,
        "er": 1.6406230890541018,
        "le_cd": 11.486790570435053,
        "lr_cd": 0.07842682887580059,
        "seld": 0.884687129028662
      }
    },
    "0.30": {
      "macro": {
        "f1": 0.030388971523835087,
        "er": 1.1603966238502932,
        "le_cd": 128.6256339719746,
        "lr_cd": 0.02814068868659062,
        "seld": 0.9541134547599316
      },
      "micro": {
        "f1": 0.08143333009928527,
        "er": 1.2797850085288534,
        "le_cd": 11.217051624479401,
        "lr_cd": 0.056728138778925685,
        "seld": 0.8009851232799932
      }
    }
  }
}