{
  "spec": {
    "variant": "seldnet_official",
    "seed": 2,
    "suffix": "foa_baseline_mc8_inmem"
  },
  "n_clips_eval": 78,
  "thresholds": {
    "0.10": {
      "macro": {
        "f1": 0.023659976453949842,
        "er": 4.149107290012323,
        "le_cd": 102.91605735484401,
        "lr_cd": 0.04549351740308523,
        "seld": 1.6629274175872164
      },
      "micro": {
        "f1": 0.03233258748955213,
        "er": 4.799201828071192,
        "le_cd": 12.35152712490172,
        "lr_cd": 0.08017765762286376,
        "seld": 1.6888277945242798
      }
    },
    "0.15": {
      "macro": {
        "f1": 0.011973699263349446,
        "er": 2.349888497155248,
        "le_cd": 128.6206376336109,
        "lr_cd": 0.02601157631061672,
        "seld": 1.256615579886447
      },
      "micro": {
        "f1": 0.03400026679775086,
        "er": 3.402690611824531,
        "le_cd": 12.58336616549958,
        "lr_cd": 0.05988220527179685,
        "seld": 1.3446789323908284
      }
    },
    "0.18": {
      "macro": {
        "f1": 0.013059370766165309,
        "er": 1.8715345195033435,
        "le_cd": 128.63141026335714,
        "lr_cd": 0.02300368160349351,
        "seld": 1.137522603260306
      },
      "micro": {
        "f1": 0.03591234625026761,
        "er": 2.6957033890122624,
        "le_cd": 12.473388810762097,
        "lr_cd": 0.05020758907019407,
        "seld": 1.1697200145490085
      }
    },
    "0.22": {
      "macro": {
        "f1": 0.012147421822818302,
        "er": 1.5189118333292637,
        "le_cd": 128.602981031529,
        "lr_cd": 0.018943179774278625,
        "seld": 1.0505705593657209
      },
      "micro": {
        "f1": 0.03379651195153177,
        "er": 2.122886292684497,
        "le_cd": 12.178349636388626,
        "lr_cd": 0.03712786843036915,
        "seld": 1.0299048525706331
      }
    },
    "0.30": {
      "macro": {
        "f1": 0.012567513269968125,
        "er": 1.313217043400259,
        "le_cd": 141.4311813620483,
        "lr_cd": 0.016408972445675633,
        "seld": 1.017492335757332
      },
      "micro": {
        "f1": 0.03483863314526353,
        "er": 1.6759035756815037,
        "le_cd": 11.811732892751593,
        "lr_cd": 0.03024685397959512,
        "seld": 0.9191097067124274
      }
    }
  }
}