{
  "spec": {
    "variant": "full_l",
    "seed": 3,
    "suffix": "cap_l_mc8_inmem"
  },
  "n_clips_eval": 78,
  "thresholds": {
    "0.10": {
      "macro": {
        "f1": 0.04025876835298316,
        "er": 21.91940825054261,
        "le_cd": 26.101030715585555,
        "lr_cd": 0.1939263765042258,
        "seld": 5.957557207970774
      },
      "micro": {
        "f1": 0.06815158983407003,
        "er": 7.084825078047054,
        "le_cd": 12.102786648633842,
        "lr_cd": 0.25907759647259504,
        "seld": 2.2062083988359773
      }
    },
    "0.15": {
      "macro": {
        "f1": 0.06351190074772176,
        "er": 5.131760709218185,
        "le_cd": 25.62946625924329,
        "lr_cd": 0.17034950338312496,
        "seld": 1.7600713071874503
      },
      "micro": {
        "f1": 0.11001357122048615,
        "er": 4.031276753242573,
        "le_cd": 12.047021898371636,
        "lr_cd": 0.2491583791960349,
        "seld": 1.4347581755653624
      }
    },
    "0.18": {
      "macro": {
        "f1": 0.07822157949022307,
        "er": 3.2392683480472844,
        "le_cd": 51.54962705496393,
        "lr_cd": 0.15834523768486924,
        "seld": 1.3222720869610534
      },
      "micro": {
        "f1": 0.13103969032347657,
        "er": 3.2222651346915128,
        "le_cd": 12.011386107862537,
        "lr_cd": 0.242959673006984,
        "seld": 1.2287489235456277
      }
    },
    "0.22": {
      "macro": {
        "f1": 0.0902518430403767,
        "er": 2.2608549668761384,
        "le_cd": 51.701123737891216,
        "lr_cd": 0.1411426347563437,
        "seld": 1.0791722385724813
      },
      "micro": {
        "f1": 0.15190513292378005,
        "er": 2.6134401853818674,
        "le_cd": 11.977087585244607,
        "lr_cd": 0.23405104438222135,
        "seld": 1.0735058458873619
      }
    },
    "0.30": {
      "macro": {
        "f1": 0.09034980702774663,
        "er": 1.6412972230561957,
        "le_cd": 52.04276984204239,
        "lr_cd": 0.11253537190135662,
        "seld": 0.9318846358123875
      },
      "micro": {
        "f1": 0.17398325701574802,
        "er": 2.0412989604454315,
        "le_cd": 11.881598802479859,
        "lr_cd": 0.21497859740594122,
        "seld": 0.9295864970649355
      }
    }
  }
}