{
  "spec": {
    "variant": "no_geom_l",
    "seed": 0,
    "suffix": "cap_l_mc8_inmem"
  },
  "n_clips_eval": 78,
  "thresholds": {
    "0.10": {
      "macro": {
        "f1": 0.03640684063563184,
        "er": 28.17845415366365,
        "le_cd": 37.814921361828,
        "lr_cd": 0.1697182307132252,
        "seld": 7.545602994692349
      },
      "micro": {
        "f1": 0.061908042165431124,
        "er": 7.0652505551800715,
        "le_cd": 11.569622364284518,
        "lr_cd": 0.23313057191593448,
        "seld": 2.2086219052250717
      }
    },
    "0.15": {
      "macro": {
        "f1": 0.0525738667237305,
        "er": 5.5854020621650315,
        "le_cd": 51.01223414619971,
        "lr_cd": 0.1261269011700877,
        "seld": 1.9225256487708584
      },
      "micro": {
        "f1": 0.09867867047002649,
        "er": 3.947764796755817,
        "le_cd": 11.480960404132059,
        "lr_cd": 0.21610504972482378,
        "seld": 1.424191047479314
      }
    },
    "0.18": {
      "macro": {
        "f1": 0.059407485359100405,
        "er": 3.1978134492744354,
        "le_cd": 51.322386081558044,
        "lr_cd": 0.10769181270413514,
        "seld": 1.3289596295827417
      },
      "micro": {
        "f1": 0.11655838907646511,
        "er": 3.1309903125100575,
        "le_cd": 11.430837945151003,
        "lr_cd": 0.20654629719030607,
        "seld": 1.2178475703735314
      }
    },
    "0.22": {
      "macro": {
        "f1": 0.06577757570564316,
        "er": 2.09303107389507,
        "le_cd": 64.10295719246426,
        "lr_cd": 0.09477651927445754,
        "seld": 1.072151129718276
      },
      "micro": {
        "f1": 0.13323094982766914,
        "er": 2.5285185542789095,
        "le_cd": 11.432457292825317,
        "lr_cd": 0.1943291171832255,
        "seld": 1.0661180347237056
      }
    },
    "0.30": {
      "macro": {
        "f1": 0.06201387677276756,
        "er": 1.5651127197562689,
        "le_cd": 90.18627793316855,
        "lr_cd": 0.07785845449199737,
        "seld": 0.981568816474499
      },
      "micro": {
        "f1": 0.15027621856643814,
        "er": 1.9712464999517234,
        "le_cd": 11.371620151780927,
        "lr_cd": 0.17431045025908404,
        "seld": 0.9274588746590239
      }
    }
  }
}