{
  "per_cell": {
    "110_crnn_gca_full": {
      "n_seeds": 5,
      "per_seed": {
        "0": {
          "F1": 9.78,
          "LE": 49.86,
          "DE": 0.79,
          "RDE": 0.34,
          "SELD": 0.577
        },
        "1": {
          "F1": 8.93,
          "LE": 48.39,
          "DE": 0.52,
          "RDE": 0.25,
          "SELD": 0.515
        },
        "2": {
          "F1": 10.04,
          "LE": 36.93,
          "DE": 0.53,
          "RDE": 0.25,
          "SELD": 0.57
        },
        "3": {
          "F1": 9.67,
          "LE": 51.42,
          "DE": 0.82,
          "RDE": 0.32,
          "SELD": 0.538
        },
        "4": {
          "F1": 9.51,
          "LE": 40.28,
          "DE": 0.45,
          "RDE": 0.24,
          "SELD": 0.536
        }
      },
      "F1": {
        "mean": 9.586,
        "std": 0.41440318531594306
      },
      "LE": {
        "mean": 45.376000000000005,
        "std": 6.384052788002305
      },
      "DE": {
        "mean": 0.6220000000000001,
        "std": 0.17020575783445163
      },
      "RDE": {
        "mean": 0.28,
        "std": 0.04636809247747853
      },
      "SELD": {
        "mean": 0.5472,
        "std": 0.02576237566685181
      }
    },
    "111_crnn_gca_nogeom": {
      "n_seeds": 5,
      "per_seed": {
        "0": {
          "F1": 10.37,
          "LE": 38.04,
          "DE": 0.57,
          "RDE": 0.3,
          "SELD": 0.584
        },
        "1": {
          "F1": 9.35,
          "LE": 50.44,
          "DE": 0.68,
          "RDE": 0.28,
          "SELD": 0.527
        },
        "2": {
          "F1": 10.16,
          "LE": 49.97,
          "DE": 0.65,
          "RDE": 0.29,
          "SELD": 0.525
        },
        "3": {
          "F1": 10.56,
          "LE": 38.48,
          "DE": 0.65,
          "RDE": 0.27,
          "SELD": 0.537
        },
        "4": {
          "F1": 9.5,
          "LE": 54.36,
          "DE": 0.98,
          "RDE": 0.34,
          "SELD": 0.55
        }
      },
      "F1": {
        "mean": 9.988,
        "std": 0.535695809205187
      },
      "LE": {
        "mean": 46.257999999999996,
        "std": 7.499054607082149
      },
      "DE": {
        "mean": 0.706,
        "std": 0.15852444606432156
      },
      "RDE": {
        "mean": 0.29600000000000004,
        "std": 0.027018512172212596
      },
      "SELD": {
        "mean": 0.5446,
        "std": 0.02415160450156467
      }
    },
    "112_crnn_no_gca": {
      "n_seeds": 5,
      "per_seed": {
        "0": {
          "F1": 10.4,
          "LE": 46.19,
          "DE": 0.69,
          "RDE": 0.29,
          "SELD": 0.556
        },
        "1": {
          "F1": 9.14,
          "LE": 41.92,
          "DE": 0.58,
          "RDE": 0.27,
          "SELD": 0.585
        },
        "2": {
          "F1": 9.71,
          "LE": 43.7,
          "DE": 0.45,
          "RDE": 0.24,
          "SELD": 0.539
        },
        "3": {
          "F1": 9.83,
          "LE": 46.75,
          "DE": 0.66,
          "RDE": 0.3,
          "SELD": 0.598
        },
        "4": {
          "F1": 9.5,
          "LE": 52.89,
          "DE": 0.76,
          "RDE": 0.33,
          "SELD": 0.615
        }
      },
      "F1": {
        "mean": 9.716,
        "std": 0.46349757280917875
      },
      "LE": {
        "mean": 46.29,
        "std": 4.170929153078483
      },
      "DE": {
        "mean": 0.6279999999999999,
        "std": 0.11861703081766968
      },
      "RDE": {
        "mean": 0.28600000000000003,
        "std": 0.033615472627943226
      },
      "SELD": {
        "mean": 0.5786,
        "std": 0.03090792778560216
      }
    },
    "140_xfm_no_gca": {
      "n_seeds": 3,
      "per_seed": {
        "0": {
          "F1": 9.27,
          "LE": 44.16,
          "DE": 0.57,
          "RDE": 0.28,
          "SELD": 0.553
        },
        "1": {
          "F1": 9.19,
          "LE": 48.48,
          "DE": 0.6,
          "RDE": 0.3,
          "SELD": 0.638
        },
        "2": {
          "F1": 10.24,
          "LE": 35.68,
          "DE": 0.56,
          "RDE": 0.3,
          "SELD": 0.619
        }
      },
      "F1": {
        "mean": 9.566666666666668,
        "std": 0.5844940832321006
      },
      "LE": {
        "mean": 42.77333333333333,
        "std": 6.51169204841056
      },
      "DE": {
        "mean": 0.5766666666666667,
        "std": 0.020816659994661302
      },
      "RDE": {
        "mean": 0.2933333333333334,
        "std": 0.011547005383792493
      },
      "SELD": {
        "mean": 0.6033333333333334,
        "std": 0.04461315202194675
      }
    },
    "141_xfm_gca_full": {
      "n_seeds": 3,
      "per_seed": {
        "0": {
          "F1": 10.41,
          "LE": 48.58,
          "DE": 0.57,
          "RDE": 0.29,
          "SELD": 0.597
        },
        "1": {
          "F1": 8.5,
          "LE": 51.94,
          "DE": 0.62,
          "RDE": 0.32,
          "SELD": 0.579
        },
        "2": {
          "F1": 8.92,
          "LE": 49.99,
          "DE": 0.59,
          "RDE": 0.31,
          "SELD": 0.717
        }
      },
      "F1": {
        "mean": 9.276666666666666,
        "std": 1.0037097854127623
      },
      "LE": {
        "mean": 50.169999999999995,
        "std": 1.6872166428766635
      },
      "DE": {
        "mean": 0.5933333333333333,
        "std": 0.025166114784235853
      },
      "RDE": {
        "mean": 0.30666666666666664,
        "std": 0.01527525231651948
      },
      "SELD": {
        "mean": 0.6309999999999999,
        "std": 0.07501999733404421
      }
    },
    "142_xfm_gca_nogeom": {
      "n_seeds": 3,
      "per_seed": {
        "0": {
          "F1": 9.94,
          "LE": 43.83,
          "DE": 0.64,
          "RDE": 0.32,
          "SELD": 0.563
        },
        "1": {
          "F1": 9.65,
          "LE": 40.35,
          "DE": 0.5,
          "RDE": 0.28,
          "SELD": 0.623
        },
        "2": {
          "F1": 8.62,
          "LE": 41.88,
          "DE": 0.52,
          "RDE": 0.31,
          "SELD": 0.635
        }
      },
      "F1": {
        "mean": 9.403333333333334,
        "std": 0.693709833672072
      },
      "LE": {
        "mean": 42.02,
        "std": 1.7442190229440782
      },
      "DE": {
        "mean": 0.5533333333333333,
        "std": 0.07571877794400365
      },
      "RDE": {
        "mean": 0.3033333333333334,
        "std": 0.020816659994661313
      },
      "SELD": {
        "mean": 0.607,
        "std": 0.03857460304397185
      }
    }
  },
  "contrasts": {
    "141_xfm_gca_full__vs__142_xfm_gca_nogeom": {
      "description": "Xfm: GCA full vs no_geom",
      "n": 3,
      "shared_seeds": [
        0,
        1,
        2
      ],
      "F1": {
        "delta_mean": -0.12666666666666634,
        "delta_std": 0.890299575049508,
        "t": -0.2464261563641173,
        "p_t": 0.8283370017387505,
        "w": 3.0,
        "p_w": 1.0,
        "cohens_dz": -0.14227420771218793,
        "boot_ci_95": [
          -1.1500000000000004,
          0.47000000000000064
        ]
      },
      "LE": {
        "delta_mean": 8.149999999999999,
        "delta_std": 3.42017543409691,
        "t": 4.127336259116107,
        "p_t": 0.053992671926612876,
        "w": 0.0,
        "p_w": 0.25,
        "cohens_dz": 2.3829187002367873,
        "boot_ci_95": [
          4.75,
          11.589999999999996
        ]
      },
      "DE": {
        "delta_mean": 0.03999999999999996,
        "delta_std": 0.09848857801796107,
        "t": 0.7034524581126581,
        "p_t": 0.5546382285848772,
        "w": 2.0,
        "p_w": 0.75,
        "cohens_dz": 0.4061384660534471,
        "boot_ci_95": [
          -0.07000000000000006,
          0.12
        ]
      },
      "RDE": {
        "delta_mean": 0.003333333333333318,
        "delta_std": 0.035118845842842465,
        "t": 0.16439898730535651,
        "p_t": 0.8845299461620754,
        "w": 1.0,
        "p_w": 1.0,