{
  "FOA_CRNN": {
    "label": "FOA + CRNN",
    "arch": "CRNN",
    "expect": "helps",
    "gca_delta_LE": -5.02,
    "n_full": 3,
    "n_nogeom": 3,
    "shared_seeds": [
      0,
      1,
      2
    ],
    "F1_full_mean": 12.473333333333334,
    "F1_full_std": 0.5367805262240176,
    "F1_nogeom_mean": 12.943333333333333,
    "F1_nogeom_std": 0.5139390365922141,
    "F1": {
      "delta_mean": -0.47000000000000003,
      "delta_std": 0.31432467291003297,
      "t": -2.5898822132565344,
      "p_t": 0.12232541245476904,
      "w": 0.0,
      "p_w": 0.25,
      "cohens_dz": -1.495269192993084,
      "boot_ci_95": [
        -0.8099999999999987,
        -0.19000000000000128
      ]
    },
    "LE_full_mean": 37.376666666666665,
    "LE_full_std": 4.387668325356112,
    "LE_nogeom_mean": 38.97666666666667,
    "LE_nogeom_std": 3.0829260992332146,
    "LE": {
      "delta_mean": -1.599999999999999,
      "delta_std": 1.690000000000002,
      "t": -1.6398114154498216,
      "p_t": 0.24272320901140854,
      "w": 1.0,
      "p_w": 0.5,
      "cohens_dz": -0.9467455621301758,
      "boot_ci_95": [
        -3.3599999999999994,
        0.010000000000005116
      ]
    },
    "DE_full_mean": 0.5433333333333333,
    "DE_full_std": 0.05033222956847166,
    "DE_nogeom_mean": 0.5166666666666667,
    "DE_nogeom_std": 0.03785938897200186,
    "DE": {
      "delta_mean": 0.026666666666666655,
      "delta_std": 0.08736894948054108,
      "t": 0.5286548803640714,
      "p_t": 0.6498495123740735,
      "w": 2.0,
      "p_w": 0.75,
      "cohens_dz": 0.305219037486606,
      "boot_ci_95": [
        -0.07000000000000006,
        0.09999999999999998
      ]
    },
    "RDE_full_mean": 0.2833333333333334,
    "RDE_full_std": 0.028867513459481284,
    "RDE_nogeom_mean": 0.2733333333333334,
    "RDE_nogeom_std": 0.020816659994661323,
    "RDE": {
      "delta_mean": 0.00999999999999999,
      "delta_std": 0.04582575694955838,
      "t": 0.37796447300922703,
      "p_t": 0.741801110252839,
      "w": 2.0,
      "p_w": 0.75,
      "cohens_dz": 0.21821789023599225,
      "boot_ci_95": [
        -0.03999999999999998,
        0.04999999999999999
      ]
    },
    "SELD_full_mean": 0.5456666666666666,
    "SELD_full_std": 0.018770544300401405,
    "SELD_nogeom_mean": 0.5446666666666666,
    "SELD_nogeom_std": 0.018717193521821895,
    "SELD": {
      "delta_mean": 0.0010000000000000009,
      "delta_std": 0.009539392014169465,
      "t": 0.18156825980064073,
      "p_t": 0.8726570920065974,
      "w": 1.0,
      "p_w": 1.0,
      "cohens_dz": 0.10482848367219183,
      "boot_ci_95": [
        -0.008000000000000007,
        0.01100000000000001
      ]
    },
    "sign_matches_gca": true
  },
  "MIC_XFM": {
    "label": "MIC + Transformer",
    "arch": "Transformer",
    "expect": "harms",
    "gca_delta_LE": 5.7,
    "n_full": 3,
    "n_nogeom": 3,
    "shared_seeds": [
      0,
      1,
      2
    ],
    "F1_full_mean": 9.65,
    "F1_full_std": 0.6366317616958804,
    "F1_nogeom_mean": 9.479999999999999,
    "F1_nogeom_std": 0.5940538696111658,
    "F1": {
      "delta_mean": 0.16999999999999993,
      "delta_std": 0.09848857801796067,
      "t": 2.989672946978811,
      "p_t": 0.09603449808512277,
      "w": 0.0,
      "p_w": 0.25,
      "cohens_dz": 1.7260884807271584,
      "boot_ci_95": [
        0.08999999999999986,
        0.27999999999999936
      ]
    },
    "LE_full_mean": 41.4,
    "LE_full_std": 3.8962032801177098,
    "LE_nogeom_mean": 45.193333333333335,
    "LE_nogeom_std": 5.650171088855042,
    "LE": {
      "delta_mean": -3.7933333333333317,
      "delta_std": 7.010494514178966,
      "t": -0.9372015126877841,
      "p_t": 0.44759012851390656,
      "w": 2.0,
      "p_w": 0.75,
      "cohens_dz": -0.5410935456352166,
      "boot_ci_95": [
        -11.420000000000002,
        2.3700000000000045
      ]
    },
    "DE_full_mean": 0.5800000000000001,
    "DE_full_std": 0.07810249675906655,
    "DE_nogeom_mean": 0.65,
    "DE_nogeom_std": 0.020000000000000018,
    "DE": {
      "delta_mean": -0.07000000000000002,
      "delta_std": 0.06244997998398398,
      "t": -1.9414506867883026,
      "p_t": 0.19170962313452378,
      "w": 0.0,
      "p_w": 0.25,
      "cohens_dz": -1.1208970766356103,
      "boot_ci_95": [
        -0.14,
        -0.020000000000000018
      ]
    },
    "RDE_full_mean": 0.30000000000000004,
    "RDE_full_std": 0.01999999999999999,
    "RDE_nogeom_mean": 0.36000000000000004,
    "RDE_nogeom_std": 0.04358898943540671,
    "RDE": {
      "delta_mean": -0.06,
      "delta_std": 0.026457513110645876,
      "t": -3.9279220242478674,
      "p_t": 0.05912492771922982,
      "w": 0.0,
      "p_w": 0.25,
      "cohens_dz": -2.2677868380553656,
      "boot_ci_95": [
        -0.08999999999999997,
        -0.040000000000000036
      ]
    },
    "SELD_full_mean": 0.591,
    "SELD_full_std": 0.033999999999999975,
    "SELD_nogeom_mean": 0.6346666666666666,
    "SELD_nogeom_std": 0.06310573138260371,
    "SELD": {
      "delta_mean": -0.04366666666666663,
      "delta_std": 0.047056703383613,
      "t": -1.6072712244049647,
      "p_t": 0.24924360188500236,
      "w": 0.0,
      "p_w": 0.25,
      "cohens_dz": -0.9279584740709458,
      "boot_ci_95": [
        -0.09699999999999998,
        -0.007999999999999896
      ]
    },
    "sign_matches_gca": false
  }
}