{
  "cells": {
    "MIC_CRNN": {
      "label": "MIC + CRNN",
      "modality": "MIC",
      "arch": "CRNN",
      "n_full": 5,
      "n_nogeom": 5,
      "shared_seeds": [
        0,
        1,
        2,
        3,
        4
      ],
      "F1_full_mean": 9.586,
      "F1_full_std": 0.41440318531594306,
      "F1_nogeom_mean": 9.988,
      "F1_nogeom_std": 0.535695809205187,
      "F1": {
        "delta_mean": -0.4020000000000003,
        "delta_std": 0.36162134892729986,
        "t": -2.4857473974403828,
        "p_t": 0.06779237878710967,
        "w": 1.0,
        "p_w": 0.125,
        "cohens_dz": -1.1116600311139764,
        "boot_ci_95": [
          -0.6760000000000002,
          -0.12800000000000047
        ]
      },
      "LE_full_mean": 45.376000000000005,
      "LE_full_std": 6.384052788002305,
      "LE_nogeom_mean": 46.257999999999996,
      "LE_nogeom_std": 7.499054607082149,
      "LE": {
        "delta_mean": -0.8819999999999979,
        "delta_std": 12.997662097469684,
        "t": -0.15173589999225703,
        "p_t": 0.8867406609241775,
        "w": 5.0,
        "p_w": 0.625,
        "cohens_dz": -0.06785835740195931,
        "boot_ci_95": [
          -11.258,
          9.270000000000001
        ]
      },
      "DE_full_mean": 0.6220000000000001,
      "DE_full_std": 0.17020575783445163,
      "DE_nogeom_mean": 0.706,
      "DE_nogeom_std": 0.15852444606432156,
      "DE": {
        "delta_mean": -0.084,
        "delta_std": 0.30121420949218186,
        "t": -0.6235751972878211,
        "p_t": 0.5667029450790061,
        "w": 7.0,
        "p_w": 1.0,
        "cohens_dz": -0.27887130604368204,
        "boot_ci_95": [
          -0.30800000000000005,
          0.132
        ]
      },
      "RDE_full_mean": 0.28,
      "RDE_full_std": 0.04636809247747853,
      "RDE_nogeom_mean": 0.29600000000000004,
      "RDE_nogeom_std": 0.027018512172212596,
      "RDE": {
        "delta_mean": -0.016000000000000004,
        "delta_std": 0.06188699378706322,
        "t": -0.5781034988239393,
        "p_t": 0.5941798105304791,
        "w": 7.0,
        "p_w": 1.0,
        "cohens_dz": -0.25853574428015963,
        "boot_ci_95": [
          -0.06200000000000001,
          0.030000000000000006
        ]
      },
      "SELD_full_mean": 0.5472,
      "SELD_full_std": 0.02576237566685181,
      "SELD_nogeom_mean": 0.5446,
      "SELD_nogeom_std": 0.02415160450156467,
      "SELD": {
        "delta_mean": 0.00259999999999998,
        "delta_std": 0.02439877046082443,
        "t": 0.23828154581945937,
        "p_t": 0.8233717392130525,
        "w": 6.0,
        "p_w": 0.8125,
        "cohens_dz": 0.1065627468472084,
        "boot_ci_95": [
          -0.01180000000000001,
          0.024399999999999956
        ]
      }
    },
    "FOA_CRNN": {
      "label": "FOA + CRNN",
      "modality": "FOA",
      "arch": "CRNN",
      "n_full": 5,
      "n_nogeom": 5,
      "shared_seeds": [
        0,
        1,
        2,
        3,
        4
      ],
      "F1_full_mean": 12.790000000000001,
      "F1_full_std": 0.6515750148678201,
      "F1_nogeom_mean": 12.639999999999999,
      "F1_nogeom_std": 0.5984563476144269,
      "F1": {
        "delta_mean": 0.14999999999999963,
        "delta_std": 1.1092114316035513,
        "t": 0.302386170092095,
        "p_t": 0.7774293756311483,
        "w": 6.0,
        "p_w": 0.8125,
        "cohens_dz": 0.13523120635634764,
        "boot_ci_95": [
          -0.7220000000000002,
          1.0219999999999996
        ]
      },
      "LE_full_mean": 40.114,
      "LE_full_std": 2.1971754595389057,
      "LE_nogeom_mean": 45.138,
      "LE_nogeom_std": 5.9291120751761826,
      "LE": {
        "delta_mean": -5.023999999999999,
        "delta_std": 4.870885956373853,
        "t": -2.3063577385256897,
        "p_t": 0.0823612511701586,
        "w": 0.0,
        "p_w": 0.0625,
        "cohens_dz": -1.0314345367552256,
        "boot_ci_95": [
          -8.752,
          -1.295999999999998
        ]
      },
      "DE_full_mean": 0.518,
      "DE_full_std": 0.023874672772626667,
      "DE_nogeom_mean": 0.628,
      "DE_nogeom_std": 0.08899438184514794,
      "DE": {
        "delta_mean": -0.11000000000000001,
        "delta_std": 0.0874642784226795,
        "t": -2.8122049591070257,
        "p_t": 0.04820865817854968,
        "w": 0.0,
        "p_w": 0.125,
        "cohens_dz": -1.257656291045065,
        "boot_ci_95": [
          -0.18,
          -0.044
        ]
      },
      "RDE_full_mean": 0.264,
      "RDE_full_std": 0.008944271909999166,
      "RDE_nogeom_mean": 0.28800000000000003,
      "RDE_nogeom_std": 0.013038404810405281,
      "RDE": {
        "delta_mean": -0.023999999999999987,
        "delta_std": 0.016733200530681502,
        "t": -3.2071349029490923,
        "p_t": 0.032677923336803014,
        "w": 0.0,
        "p_w": 0.0625,
        "cohens_dz": -1.4342743312012722,
        "boot_ci_95": [
          -0.03799999999999999,
          -0.012
        ]
      },
      "SELD_full_mean": 0.531,
      "SELD_full_std": 0.002345207879911717,
      "SELD_nogeom_mean": 0.538,
      "SELD_nogeom_std": 0.01120267825120405,
      "SELD": {
        "delta_mean": -0.007000000000000006,
        "delta_std": 0.013341664064126346,
        "t": -1.173202665519484,
        "p_t": 0.30580758898750376,
        "w": 3.0,
        "p_w": 0.3125,
        "cohens_dz": -0.524672182297103,
        "boot_ci_95": [
          -0.016000000000000014,
          0.0038000000000000035
        ]
      }
    },
    "MIC_CONF": {
      "label": "MIC + Conformer",
      "modality": "MIC",
      "arch": "Conformer",
      "n_full": 5,
      "n_nogeom": 5,
      "shared_seeds": [
        0,
        1,
        2,
        3,
        4
      ],
      "F1_full_mean": 4.288,
      "F1_full_std": 2.775647672165903,
      "F1_nogeom_mean": 4.762,
      "F1_nogeom_std": 2.869437227053416,
      "F1": {
        "delta_mean": -0.47399999999999987,
        "delta_std": 3.727241607408889,
        "t": -0.28436477507336066,
        "p_t": 0.7902446890501583,
        "w": 6.0,
        "p_w": 0.8125,
        "cohens_dz": -0.12717179349409444,
        "boot_ci_95": [
          -3.3659999999999997,
          2.418
        ]
      },
      "LE_full_mean": 45.94200000000001,
      "LE_full_std": 9.14559566130058,
      "LE_nogeom_mean": 47.774,
      "LE_nogeom_std": 5.304255838475367,
      "LE": {
        "delta_mean": -1.8319999999999994,
        "delta_std": 11.776755495466482,
        "t": -0.3478442374350534,
        "p_t": 0.7454907020937054,
        "w": 6.0,
        "p_w": 0.8125,
        "cohens_dz": -0.1555606720972713,
        "boot_ci_95": [
          -11.04,
          7.376
        ]
      },
      "DE_full_mean": 0.558,
      "DE_full_std": 0.06140032573203501,
      "DE_nogeom_mean": 0.538,
      "DE_nogeom_std": 0.054954526656136315,
      "DE": {
        "delta_mean": 0.020000000000000007,
        "delta_std": 0.09772410142846029,
        "t": 0.45762876195627583,
        "p_t": 0.6709737016292734,
        "w": 5.0,
        "p_w": 0.625,
        "cohens_dz": 0.2046578040386605,
        "boot_ci_95": [
          -0.05399999999999996,
          0.09599999999999997
        ]
      },
      "RDE_full_mean": 0.30000000000000004,
      "RDE_full_std": 0.03391164991562635,
      "RDE_nogeom_mean": 0.308,
      "RDE_nogeom_std": 0.030331501776206207,
      "RDE": {
        "delta_mean": -0.008000000000000007,
        "delta_std": 0.04764451699828638,
        "t": -0.3754586035711459,
        "p_t": 0.7263811693633475,
        "w": 4.0,
        "p_w": 0.875,
        "cohens_dz": -0.16791019206444555,
        "boot_ci_95": [
          -0.046000000000000006,
          0.02799999999999999
        ]
      },
      "SELD_full_mean": 0.7398,
      "SELD_full_std": 0.07988554312264516,
      "SELD_nogeom_mean": 0.6984,
      "SELD_nogeom_std": 0.11148228558833911,
      "SELD": {
        "delta_mean": 0.04139999999999999,
        "delta_std": 0.168351715167978,