{
  "FOA_CRNN": {
    "label": "FOA + CRNN",
    "arch": "CRNN",
    "expect": "helps",
    "gca_delta_LE": -5.02,
    "n_full": 2,
    "n_nogeom": 2,
    "shared_seeds": [
      0,
      1
    ],
    "F1_full_mean": 12.57,
    "F1_full_std": 0.7212489168102781,
    "F1_nogeom_mean": 13.18,
    "F1_nogeom_std": 0.4384062043356602,
    "F1": {
      "delta_mean": -0.6099999999999994,
      "delta_std": 0.282842712474618,
      "t": -3.050000000000008,
      "p_t": 0.20169673207390118,
      "w": 0.0,
      "p_w": 0.5,
      "cohens_dz": -2.1566756826189755,
      "boot_ci_95": [
        -0.8099999999999987,
        -0.41000000000000014
      ]
    },
    "LE_full_mean": 35.88,
    "LE_full_std": 5.006316010800755,
    "LE_nogeom_mean": 37.555,
    "LE_nogeom_std": 2.623366158202087,
    "LE": {
      "delta_mean": -1.6749999999999972,
      "delta_std": 2.3829498525986685,
      "t": -0.9940652818991068,
      "p_t": 0.5018946961092667,
      "w": 1.0,
      "p_w": 1.0,
      "cohens_dz": -0.7029103017729753,
      "boot_ci_95": [
        -3.3599999999999994,
        0.010000000000005116
      ]
    },
    "DE_full_mean": 0.52,
    "DE_full_std": 0.04242640687119289,
    "DE_nogeom_mean": 0.53,
    "DE_nogeom_std": 0.04242640687119289,
    "DE": {
      "delta_mean": -0.010000000000000009,
      "delta_std": 0.08485281374238578,
      "t": -0.16666666666666666,
      "p_t": 0.8948630865774931,
      "w": 1.0,
      "p_w": 1.0,
      "cohens_dz": -0.11785113019775792,
      "boot_ci_95": [
        -0.07000000000000006,
        0.050000000000000044
      ]
    },
    "RDE_full_mean": 0.275,
    "RDE_full_std": 0.03535533905932737,
    "RDE_nogeom_mean": 0.28500000000000003,
    "RDE_nogeom_std": 0.007071067811865442,
    "RDE": {
      "delta_mean": -0.010000000000000009,
      "delta_std": 0.04242640687119281,
      "t": -0.3333333333333339,
      "p_t": 0.7951672353008662,
      "w": 1.0,
      "p_w": 1.0,
      "cohens_dz": -0.23570226039551626,
      "boot_ci_95": [
        -0.03999999999999998,
        0.019999999999999962
      ]
    },
    "SELD_full_mean": 0.5475,
    "SELD_full_std": 0.026162950903902204,
    "SELD_nogeom_mean": 0.5515,
    "SELD_nogeom_std": 0.02050609665440982,
    "SELD": {
      "delta_mean": -0.0040000000000000036,
      "delta_std": 0.005656854249492385,
      "t": -1.0,
      "p_t": 0.49999999999999956,
      "w": 0.0,
      "p_w": 1.0,
      "cohens_dz": -0.7071067811865475,
      "boot_ci_95": [
        -0.008000000000000007,
        0.0
      ]
    },
    "sign_matches_gca": true
  },
  "MIC_XFM": {
    "label": "MIC + Transformer",
    "arch": "Transformer",
    "expect": "harms",
    "gca_delta_LE": 5.7,
    "n_full": 2,
    "n_nogeom": 2,
    "shared_seeds": [
      0,
      1
    ],
    "F1_full_mean": 9.555,
    "F1_full_std": 0.8697413408594538,
    "F1_nogeom_mean": 9.44,
    "F1_nogeom_std": 0.8343860018001259,
    "F1": {
      "delta_mean": 0.11500000000000021,
      "delta_std": 0.03535533905932788,
      "t": 4.599999999999943,
      "p_t": 0.13627526364325054,
      "w": 0.0,
      "p_w": 0.5,
      "cohens_dz": 3.252691193458078,
      "boot_ci_95": [
        0.08999999999999986,
        0.14000000000000057
      ]
    },
    "LE_full_mean": 42.94,
    "LE_full_std": 4.0163665171395895,
    "LE_nogeom_mean": 47.465,
    "LE_nogeom_std": 5.734635995422905,
    "LE": {
      "delta_mean": -4.524999999999999,
      "delta_std": 9.751002512562495,
      "t": -0.656272661348803,
      "p_t": 0.6302689386029687,
      "w": 1.0,
      "p_w": 1.0,
      "cohens_dz": -0.4640548491470812,
      "boot_ci_95": [
        -11.420000000000002,
        2.3700000000000045
      ]
    },
    "DE_full_mean": 0.56,
    "DE_full_std": 0.09899494936611666,
    "DE_nogeom_mean": 0.64,
    "DE_nogeom_std": 0.014142135623730963,
    "DE": {
      "delta_mean": -0.08000000000000002,
      "delta_std": 0.08485281374238571,
      "t": -1.3333333333333337,
      "p_t": 0.4096655293982666,
      "w": 0.0,
      "p_w": 0.5,
      "cohens_dz": -0.9428090415820635,
      "boot_ci_95": [
        -0.14,
        -0.020000000000000018
      ]
    },
    "RDE_full_mean": 0.29000000000000004,
    "RDE_full_std": 0.014142135623730925,
    "RDE_nogeom_mean": 0.335,
    "RDE_nogeom_std": 0.007071067811865481,
    "RDE": {
      "delta_mean": -0.04500000000000001,
      "delta_std": 0.007071067811865442,
      "t": -9.000000000000044,
      "p_t": 0.0704465749545542,
      "w": 0.0,
      "p_w": 0.5,
      "cohens_dz": -6.363961030678959,
      "boot_ci_95": [
        -0.04999999999999999,
        -0.040000000000000036
      ]
    },
    "SELD_full_mean": 0.591,
    "SELD_full_std": 0.04808326112068519,
    "SELD_nogeom_mean": 0.608,
    "SELD_nogeom_std": 0.06081118318204314,
    "SELD": {
      "delta_mean": -0.01699999999999996,
      "delta_std": 0.012727922061357946,
      "t": -1.888888888888871,
      "p_t": 0.3099696781216427,
      "w": 0.0,
      "p_w": 0.5,
      "cohens_dz": -1.3356461422412438,
      "boot_ci_95": [
        -0.026000000000000023,
        -0.007999999999999896
      ]
    },
    "sign_matches_gca": false
  }
}