{
  "LE": {
    "metric": "DOAE_CD (direction)",
    "arch_contrast_CRNN_minus_Xfm": {
      "n": 10,
      "mean": -7.086999999999998,
      "t": -2.5853957279078683,
      "p": 0.029434938708802514,
      "cohens_dz": -0.8175739153057818
    },
    "modality_contrast_FOA_minus_MIC": {
      "n": 15,
      "mean": -1.519999999999999,
      "t": -0.45741340863547647,
      "p": 0.6543917393650842,
      "cohens_dz": -0.11810363426514454
    },
    "factorial": {
      "modality_x_prior": {
        "F": 0.26007309853128935,
        "p": 0.6124069993270117
      },
      "arch_x_prior": {
        "F": 1.9415796093765372,
        "p": 0.15458088470048348
      }
    }
  },
  "RDE": {
    "metric": "RDE (distance)",
    "arch_contrast_CRNN_minus_Xfm": {
      "n": 10,
      "mean": -0.008999999999999989,
      "t": -0.6773323455706197,
      "p": 0.5152268812621632,
      "cohens_dz": -0.21419129449074192
    },
    "modality_contrast_FOA_minus_MIC": {
      "n": 15,
      "mean": -0.009333333333333322,
      "t": -0.6245840242099253,
      "p": 0.542289779982762,
      "cohens_dz": -0.16126690160481671
    },
    "factorial": {
      "modality_x_prior": {
        "F": 0.3877349159248412,
        "p": 0.5364396627768975
      },
      "arch_x_prior": {
        "F": 0.20375865479722355,
        "p": 0.8163610410212757
      }
    }
  }
}