{
  "spec": {
    "variant": "no_geom",
    "seed": 0,
    "suffix": "mc8_inmem_specaug_weak"
  },
  "n_clips_eval": 78,
  "thresholds": {
    "0.10": {
      "macro": {
        "f1": 0.037556267019560094,
        "er": 6.367597327578054,
        "le_cd": 64.3031424936726,
        "lr_cd": 0.10431039536271945,
        "seld": 2.1457425864290447
      },
      "micro": {
        "f1": 0.06665187462549342,
        "er": 4.521843519680731,
        "le_cd": 11.772000139201394,
        "lr_cd": 0.16145602008303564,
        "seld": 1.5897839064363857
      }
    },
    "0.15": {
      "macro": {
        "f1": 0.055467617246589454,
        "er": 2.3857572280830714,
        "le_cd": 90.02734176973556,
        "lr_cd": 0.08801350894665629,
        "seld": 1.1856070001526446
      },
      "micro": {
        "f1": 0.09084714419240394,
        "er": 2.911390042161501,
        "le_cd": 11.75099286126718,
        "lr_cd": 0.14546039715490328,
        "seld": 1.185091448621975
      }
    },
    "0.18": {
      "macro": {
        "f1": 0.05459199273022837,
        "er": 2.062844927210588,
        "le_cd": 102.90724180142053,
        "lr_cd": 0.07226425231857467,
        "seld": 1.1269238952646414
      },
      "micro": {
        "f1": 0.0965873950311299,
        "er": 2.538650188278459,
        "le_cd": 11.685242200449325,
        "lr_cd": 0.13570853850857714,
        "seld": 1.0928180667408676
      }
    },
    "0.22": {
      "macro": {
        "f1": 0.04642793475439881,
        "er": 1.7326631467120508,
        "le_cd": 115.47105224505108,
        "lr_cd": 0.059923750930119604,
        "seld": 1.066954326708343
      },
      "micro": {
        "f1": 0.10262483569882766,
        "er": 2.1753210389108815,
        "le_cd": 11.514208016124236,
        "lr_cd": 0.12438608348620901,
        "seld": 1.0030694855094116
      }
    },
    "0.30": {
      "macro": {
        "f1": 0.039364752938968905,
        "er": 1.2904889055440603,
        "le_cd": 128.00163097500243,
        "lr_cd": 0.04631029329691648,
        "seld": 0.9789835078478804
      },
      "micro": {
        "f1": 0.10882550369873144,
        "er": 1.6835055196163626,
        "le_cd": 11.12225115217563,
        "lr_cd": 0.10279038331563194,
        "seld": 0.8834199791951882
      }
    }
  }
}