{
  "spec": {
    "variant": "no_geom_xl",
    "seed": 3,
    "suffix": "cap_xl_mc8_inmem"
  },
  "n_clips_eval": 78,
  "thresholds": {
    "0.10": {
      "macro": {
        "f1": 0.03177598763795238,
        "er": 46.259969274835676,
        "le_cd": 25.379228485985898,
        "lr_cd": 0.19967996780140038,
        "seld": 12.042377258301839
      },
      "micro": {
        "f1": 0.04963894954826361,
        "er": 9.754201667149433,
        "le_cd": 12.234057850154697,
        "lr_cd": 0.2547391458272988,
        "seld": 2.8794476399575712
      }
    },
    "0.15": {
      "macro": {
        "f1": 0.046972775956621166,
        "er": 8.517449077070673,
        "le_cd": 50.98893220390502,
        "lr_cd": 0.15030486499568277,
        "seld": 2.6508608204239046
      },
      "micro": {
        "f1": 0.08329888729069154,
        "er": 5.296096038106273,
        "le_cd": 12.240717514070003,
        "lr_cd": 0.2406230890541019,
        "seld": 1.7600445119876893
      }
    },
    "0.18": {
      "macro": {
        "f1": 0.057804830810360815,
        "er": 4.890047532914194,
        "le_cd": 51.21637520209783,
        "lr_cd": 0.12992639721619048,
        "seld": 1.7467129306692686
      },
      "micro": {
        "f1": 0.1030007428075273,
        "er": 4.049750571272248,
        "le_cd": 12.253369274476483,
        "lr_cd": 0.23251263235814748,
        "seld": 1.4455778674634163
      }
    },
    "0.22": {
      "macro": {
        "f1": 0.06559160737513478,
        "er": 3.183673876546363,
        "le_cd": 51.21744801377676,
        "lr_cd": 0.11283058906497012,
        "seld": 1.3224482644901432
      },
      "micro": {
        "f1": 0.12579818536942766,
        "er": 3.1028354414083874,
        "le_cd": 12.288259901108244,
        "lr_cd": 0.22324997586173603,
        "seld": 1.205513847684734
      }
    },
    "0.30": {
      "macro": {
        "f1": 0.07136331956611344,
        "er": 1.9662925132058717,
        "le_cd": 90.52277362014253,
        "lr_cd": 0.09460104191327866,
        "seld": 1.07580811240404
      },
      "micro": {
        "f1": 0.1570474533798825,
        "er": 2.230266164590776,
        "le_cd": 12.31480222116509,
        "lr_cd": 0.20775642882430562,
        "seld": 0.9834694625704874
      }
    }
  }
}