{
  "spec": {
    "variant": "seldnet_official",
    "seed": 0,
    "specaug": true
  },
  "n_clips_eval": 78,
  "thresholds": {
    "0.10": {
      "macro": {
        "f1": 0.03785311483403707,
        "er": 3.847566263211452,
        "le_cd": 90.47300711574925,
        "lr_cd": 0.08007769222306688,
        "seld": 1.5580658183660165
      },
      "micro": {
        "f1": 0.07806027486541872,
        "er": 3.787789256863313,
        "le_cd": 12.739914914287533,
        "lr_cd": 0.16035531524572752,
        "seld": 1.4050377429578855
      }
    },
    "0.15": {
      "macro": {
        "f1": 0.032661689981667595,
        "er": 2.748303261962093,
        "le_cd": 115.74596258948701,
        "lr_cd": 0.061492123492661595,
        "seld": 1.3242956434962285
      },
      "micro": {
        "f1": 0.08550931333133782,
        "er": 3.0088571336616137,
        "le_cd": 12.814620276442362,
        "lr_cd": 0.140671365582054,
        "seld": 1.2134671974043365
      }
    },
    "0.18": {
      "macro": {
        "f1": 0.03469443238244667,
        "er": 2.2862425356304277,
        "le_cd": 128.56378661945786,
        "lr_cd": 0.05731147734676086,
        "seld": 1.227119971224552
      },
      "micro": {
        "f1": 0.091682392603048,
        "er": 2.655189726754852,
        "le_cd": 12.85801392627562,
        "lr_cd": 0.13400276785426926,
        "seld": 1.1252344942497665
      }
    },
    "0.22": {
      "macro": {
        "f1": 0.03713817723916127,
        "er": 1.921954362269953,
        "le_cd": 128.61532683700366,
        "lr_cd": 0.05339308674201078,
        "seld": 1.1364881729569225
      },
      "micro": {
        "f1": 0.09886770892847867,
        "er": 2.2335296578803385,
        "le_cd": 13.024459774936325,
        "lr_cd": 0.12252582794245438,
        "seld": 1.0211235577175406
      }
    },
    "0.30": {
      "macro": {
        "f1": 0.04208280151059858,
        "er": 1.2944190388174273,
        "le_cd": 128.72017140620605,
        "lr_cd": 0.04422579507030068,
        "seld": 0.9808056264010848
      },
      "micro": {
        "f1": 0.10997271855138507,
        "er": 1.5287695922242606,
        "le_cd": 13.005987720179721,
        "lr_cd": 0.09444819928550739,
        "seld": 0.849151040430425
      }
    }
  }
}